1 2 1
2 3 1
3 3 0
4 4 -1
5 2 0
6 5 1
7 4 1
11 4 1
12 1 -1
13 3 -1
14 4 -1
15 4 1
16 6 -1
17 4 1
21 2 1
22 5 0
23 2 -1
24 2 0
25 4 1
26 2 1
27 2 1
31 4 1
32 6 1
33 2 0
34 3 0
35 3 0
36 2 0
37 3 1
41 4 1
42 2 1
43 6 1
44 4 1
45 2 1
46 2 1
47 4 1
51 4 1
52 2 0
53 3 0
54 4 0
55 4 0
56 2 1
57 4 1
61 4 1
62 3 1
63 4 1
64 4 0
65 5 -1
66 3 0
67 3 1
71 4 1
72 2 -1
73 4 1
74 4 -1
75 5 -1
76 1 -1
77 2 1
111 4 1
112 2 0
113 2 0
114 3 -1
115 4 1
116 3 -1
122 2 1
123 3 1
124 4 1
127 2 1
134 4 1
135 3 1
136 3 1
142 4 1
143 4 1
144 4 1
146 4 1
147 3 1
151 4 1
152 4 1
153 2 1
155 4 1
156 2 1
162 4 1
163 2 1
164 4 1
165 2 1
171 4 1
172 2 1
173 4 1
176 3 1
211 1 0
212 2 -1
213 1 0
214 4 1
215 2 -1
216 5 1
226 3 1
231 3 1
232 2 1
233 3 1
235 3 1
237 2 1
241 4 1
242 2 0
243 4 1
252 2 1
253 2 1
255 4 1
256 1 1
257 2 1
261 4 1
262 2 -1
264 3 -1
265 2 -1
267 3 1
271 2 1
274 3 -1
275 2 0
277 2 1
313 3 0
314 2 -1
317 3 1
321 3 1
322 2 0
324 4 1
325 2 0
326 2 -1
333 4 1
335 4 1
336 3 1
341 4 1
342 4 1
345 3 1
346 4 1
347 4 1
351 2 1
352 2 1
353 3 0
355 5 0
356 5 1
357 5 1
362 4 0
367 2 1
371 4 1
373 4 -1
374 2 -1
376 3 -1
377 4 1
411 5 0
412 4 1
414 4 -1
416 5 -1
427 4 1
431 4 1
432 4 1
434 4 0
435 4 1
436 3 -1
437 5 -1
441 3 1
442 3 1
443 2 1
444 4 -1
445 3 1
447 4 1
451 3 -1
452 2 -1
454 4 0
455 5 0
456 4 1
457 4 1
461 4 1
462 3 -1
463 2 0
465 4 1
471 3 -1
472 3 -1
473 2 -1
475 2 -1
476 4 1
477 3 0
511 4 1
513 4 0
516 4 0
517 4 1
524 6 0
525 5 0
526 4 0
531 3 1
532 3 1
533 3 0
534 4 1
536 6 1
537 6 1
541 4 1
543 3 1
545 5 0
547 4 1
552 5 1
553 4 1
554 3 0
557 4 1
562 2 -1
563 2 0
564 4 1
565 5 1
566 6 0
567 5 1
571 5 1
572 2 0
574 2 -1
576 3 0
577 2 0
611 6 1
613 3 0
614 5 -1
615 4 0
617 6 1
623 2 -1
624 5 -1
625 4 0
627 4 1
631 3 1
632 3 1
634 3 -1
637 4 1
641 4 1
642 4 1
643 4 1
644 4 0
646 6 0
647 4 1
651 2 1
652 1 1
655 5 1
656 6 1
657 5 1
663 1 0
671 3 1
672 3 1
673 3 -1
674 4 1
675 3 0
676 4 -1
711 4 1
712 5 1
715 4 1
716 6 1
722 2 1
724 4 1
727 2 1
731 3 1
732 2 1
733 3 1
735 6 1
736 4 1
737 4 1
741 3 1
743 4 1
744 2 1
745 4 1
751 3 1
752 2 1
754 4 1
756 5 1
757 3 1
761 2 1
762 3 1
763 2 1
765 5 1
766 6 1
771 6 1
772 2 -1
774 4 -1
775 4 0
777 4 1
1115 4 1
1123 3 0
1126 4 1
1151 4 1
1172 2 -1
1174 4 0
1221 2 1
1226 4 1
1231 2 0
1232 3 -1
1233 2 -1
1234 3 -1
1241 4 1
1242 1 -1
1245 2 1
1254 4 0
1276 1 -1
1317 4 1
1334 5 0
1342 2 1
1413 1 -1
1416 5 -1
1426 5 -1
1436 6 0
1453 3 0
1461 6 1
1466 4 -1
1475 3 -1
1512 1 -1
1536 3 1
1547 2 1
1552 5 1
1553 6 1
1556 4 1
1612 1 0
1622 3 -1
1626 3 -1
1635 3 1
1654 4 -1
1656 2 -1
1662 2 1
1721 2 1
1736 4 1
1757 4 1
1772 2 -1
2133 3 0
2142 4 1
2164 4 1
2175 5 -1
2231 5 0
2236 4 1
2243 4 -1
2246 3 1
2247 3 1
2252 2 1
2265 1 -1
2271 5 0
2273 3 -1
2364 4 1
2371 6 1
2373 3 -1
2375 3 1
2413 4 -1
2415 3 -1
2451 2 1
2466 4 0
2477 2 1
2512 4 1
2533 3 0
2534 2 0
2546 4 1
2562 1 -1
2615 4 1
2622 4 1
2633 4 1
2643 2 1
2646 3 1
2655 5 1
2662 4 1
2673 3 -1
2715 4 1
2725 2 1
2731 2 1
2736 4 1
2737 4 1
2741 2 1
2747 3 1
2755 2 0
2762 3 0
3117 4 1
3133 1 0
3134 3 1
3137 3 1
3143 5 1
3153 4 1
3156 3 1
3217 1 0
3221 3 1
3226 6 1
3246 6 0
3274 2 -1
3312 2 -1
3322 4 1
3344 2 1
3347 2 1
3352 3 1
3371 3 -1
3412 3 -1
3423 4 0
3425 2 0
3435 3 1
3441 4 1
3462 6 1
3512 5 -1
3523 3 0
3534 3 1
3536 3 1
3541 5 1
3562 3 1
3576 3 1
3611 4 1
3613 2 -1
3616 4 -1
3675 3 1
3727 4 1
3736 4 1
3761 3 1
3772 6 1
4123 2 1
4153 3 1
4157 3 1
4167 6 1
4172 2 1
4173 6 1
4175 7 1
4176 6 1
4214 4 -1
4252 6 1
4333 3 0
4334 4 1
4345 4 1
4346 4 1
4354 3 -1
4371 6 1
4411 4 1
4412 4 -1
4426 3 1
4432 2 -1
4453 3 -1
4527 1 1
4532 5 1
4546 4 1
4621 4 1
4624 3 1
4637 2 1
4644 2 0
4647 3 1
4654 2 -1
4737 2 1
4756 2 1
5117 2 1
5122 4 1
5146 5 1
5155 4 1
5165 4 1
5175 4 0
5252 4 1
5254 5 1
5264 4 0
5313 2 -1
5316 3 1
5326 5 1
5331 3 1
5362 4 1
5367 6 0
5371 4 1
5374 5 0
5376 3 -1
5425 4 0
5436 3 0
5444 4 0
5451 5 1
5454 5 1
5472 2 0
5533 4 1
5541 3 1
5575 4 -1
5612 2 -1
5613 3 1
5636 2 0
5644 2 -1
5653 2 1
5671 2 0
5673 3 -1
5734 3 0
5736 5 1
5757 3 1
5764 6 1
5773 3 0
5774 5 0
6115 5 0
6116 4 -1
6124 4 1
6137 3 1
6143 3 1
6173 4 1
6174 6 0
6212 5 0
6222 4 1
6234 6 1
6235 3 1
6247 4 1
6253 4 1
6255 4 1
6263 4 1
6273 4 1
6277 4 1
6314 4 1
6317 3 -1
6322 5 -1
6362 4 1
6364 2 1
6367 4 1
6371 4 1
6414 4 -1
6415 4 0
6434 4 -1
6453 4 0
6465 3 1
6467 1 1
6473 5 -1
6514 4 0
6522 1 -1
6534 4 1
6543 5 1
6544 4 -1
6546 4 -1
6555 5 -1
6567 5 1
6615 2 -1
6632 6 1
6637 4 1
6677 2 0
6721 2 0
6723 2 -1
6726 3 0
6741 6 1
6742 4 1
6744 1 -1
6774 4 1
6777 1 0
7125 5 -1
7163 4 1
7221 4 1
7226 4 1
7232 6 -1
7247 4 1
7263 4 1
7264 3 -1
7265 5 -1
7313 2 -1
7324 4 0
7325 3 1
7326 3 -1
7367 4 1
7373 2 -1
7374 5 -1
7413 5 -1
7423 4 0
7451 5 -1
7452 2 0
7456 5 -1
7464 2 -1
7467 4 0
7525 5 -1
7612 1 -1
7622 3 0
7637 4 1
7651 2 0
7667 3 1
7671 4 0
7672 4 0
7711 4 1
7725 4 1
7735 3 1
7754 4 0
7763 4 1
11123 3 1
11336 2 1
11426 5 -1
11614 1 -1
12126 2 1
12321 2 1
12346 3 1
12413 2 0
12632 5 1
12643 3 1
12766 6 1
13337 4 1
13721 4 1
14217 4 1
14342 2 1
14347 1 1
14454 3 1
14623 3 1
14675 4 1
14712 4 1
14726 4 1
14727 2 1
14742 4 1
15436 3 0
15632 3 1
15766 6 1
16157 5 1
16313 3 0
16345 3 1
16554 4 1
16663 2 1
16766 2 1
17167 4 1
17222 2 1
17262 3 -1
17364 2 -1
17425 4 0
17426 4 1
17435 3 1
17522 2 1
17624 4 1
21116 5 1
21152 2 1
21214 3 -1
21264 3 -1
21645 4 1
21652 2 1
21737 2 1
21773 4 1
22134 4 1
22333 4 1
22441 3 1
22476 1 0
22763 4 0
23115 3 1
23214 3 -1
23375 3 -1
23456 4 1
23471 4 1
23511 3 0
23517 6 0
23777 6 1
24144 2 1
24215 1 -1
24565 5 1
24566 2 0
24625 4 1
24643 3 1
25234 2 -1
26233 3 1
26262 2 -1
26326 4 1
26356 3 0
26412 3 -1
26436 4 0
26752 2 1
27115 4 0
27135 3 1
27161 4 1
27435 2 0
27471 3 -1
27645 4 1
27716 2 1
31217 1 0
31263 3 0
31272 3 -1
31444 5 -1
31475 1 -1
31476 5 -1
31564 2 0
31651 5 1
31656 6 0
31731 3 1
32115 3 1
32225 2 0
32513 3 -1
32626 5 -1
32631 3 1
32636 3 0
32651 5 1
33177 6 1
33337 4 1
33366 3 0
33416 5 0
33443 2 -1
33515 4 -1
34164 4 1
34375 3 0
34563 3 0
35132 4 1
35141 4 1
35373 3 -1
35626 6 0
35722 5 1
35754 4 1
36176 4 -1
36233 4 -1
36267 1 0
36334 2 1
36373 3 -1
36422 6 1
36465 2 1
36467 2 1
36531 3 1
36572 4 -1
36674 2 -1
36764 2 1
37125 3 1
37431 2 0
37475 1 -1
37527 5 1
37576 4 0
37664 5 -1
37713 3 0
37753 3 1
41173 5 -1
41273 5 -1
41321 3 0
41415 3 -1
41451 4 1
41473 5 -1
41517 6 -1
41524 6 -1
41553 1 -1
41635 7 -1
41736 5 -1
42146 5 1
42527 6 1
42577 4 1
42664 5 -1
43123 3 -1
43211 2 0
43251 3 0
43426 4 -1
43445 4 1
43524 4 0
43747 4 1
44172 3 1
44271 3 1
44273 1 -1
44461 4 1
44542 3 1
44711 5 1
44716 5 1
45216 4 1
45263 1 -1
45313 3 0
45341 2 1
45344 5 1
45375 1 -1
45733 3 0
46362 1 -1
46412 3 -1
46556 5 0
46613 3 -1
47171 3 -1
47265 3 -1
47531 3 1
47567 5 0
47713 2 -1
47722 3 -1
47765 5 0
51146 4 1
51155 4 1
51176 4 0
51246 4 1
51255 3 -1
51257 4 1
51346 3 1
51523 4 -1
51654 1 -1
51712 1 -1
52161 5 1
52234 4 -1
52416 1 -1
52436 7 -1
52744 3 1
53144 4 0
53161 3 1
53252 5 1
53334 4 1
53543 5 -1
53615 5 0
53627 4 1
53727 3 1
54132 5 1
54133 3 0
54176 4 1
54274 4 0
54461 4 1
54537 5 0
54676 5 -1
54717 4 1
54723 4 1
54771 4 1
55164 4 1
55176 3 1
55263 4 1
55314 1 -1
55514 3 -1
55616 4 -1
55644 4 0
56235 2 -1
56363 3 0
56435 5 1
56472 3 -1
56475 5 -1
57243 5 1
57261 2 -1
57364 2 0
57375 4 -1
57453 1 -1
57665 5 1
61236 2 0
61326 3 -1
61327 2 -1
61354 3 0
61426 5 -1
61443 5 -1
61511 4 1
61513 4 0
61633 4 1
61746 3 0
62137 4 1
62377 2 -1
62443 5 1
62713 2 -1
62721 4 1
62765 4 1
63167 3 1
63224 3 1
63335 4 1
63336 3 1
63437 5 -1
63513 4 -1
63745 3 1
63754 5 0
64263 4 1
64753 3 1
64772 4 1
65113 3 0
65236 6 1
65353 3 1
65623 6 0
65634 3 -1
65673 5 -1
66324 5 1
66341 4 1
66356 5 1
66357 5 1
66371 2 0
66527 4 1
66615 4 1
67215 6 0
67254 4 1
67261 3 1
67316 4 -1
67354 4 1
67567 3 1
67673 4 -1
71214 5 0
71321 3 1
71352 2 1
71434 4 -1
71435 6 -1
71537 4 1
71725 4 1
71767 7 0
72126 4 1
72317 2 1
72326 3 1
72413 2 1
72455 2 0
72461 4 1
72563 3 1
72651 1 1
72715 4 1
73277 6 1
73575 5 -1
74425 3 1
74433 2 1
74646 3 1
74662 4 1
74731 5 1
75157 4 1
75277 5 1
75432 5 0
75553 3 1
75621 1 1
75714 1 -1
75761 4 1
76213 3 0
76215 2 0
76221 4 1
76233 3 1
76277 3 1
76631 6 1
77233 3 1
77261 3 1
77514 6 -1
77544 4 0
77627 4 1
77637 4 1
111265 2 -1
112134 3 -1
113223 3 1
113657 2 1
115637 2 1
117246 4 1
117437 4 0
122744 2 1
123554 2 1
124241 4 1
124356 2 0
125535 3 -1
126165 6 1
132757 3 1
134243 4 1
137513 1 -1
141236 6 1
141753 1 1
142254 1 -1
143412 1 -1
144217 6 -1
144455 4 -1
144517 6 0
144673 5 -1
145651 5 1
145736 6 1
151176 4 1
151662 1 1
152476 3 -1
153335 3 -1
153457 6 -1
154667 4 1
155467 5 1
155725 4 1
157465 4 -1
161476 1 -1
162165 4 1
162171 4 1
162177 2 1
162466 3 -1
162714 5 -1
164434 4 1
164512 1 1
165263 3 1
172465 4 1
174275 2 1
175246 4 1
175411 4 0
175771 5 1
177313 1 -1
177361 3 0
177375 4 1
213764 4 1
214163 3 1
214313 3 0
215167 2 1
215275 4 1
216751 2 1
216756 2 0
217121 1 1
217775 5 0
223514 4 -1
223643 2 1
224145 4 1
225614 4 -1
231276 3 -1
231656 3 0
232516 4 1
233716 3 1
234234 4 1
236735 5 1
241226 5 -1
241472 4 -1
242264 2 -1
244754 4 0
246312 4 -1
246425 4 1
247463 2 -1
251412 3 -1
253314 4 -1
253452 5 1
256147 4 1
256543 4 0
257431 2 1
261365 4 0
261371 3 -1
263627 4 1
264312 3 -1
264452 4 1
265374 4 1
265434 4 -1
265511 5 1
267447 4 1
267764 2 1
267777 4 1
271444 4 -1
272341 2 1
273363 4 1
274524 1 1
276371 2 0
277321 2 1
311243 2 0
312616 2 1
313633 5 1
317456 3 0
317531 5 1
317532 2 1
321315 5 -1
324345 4 1
325271 6 0
327524 4 1
332244 2 1
333244 4 1
333652 5 1
334227 3 1
341424 4 -1
342513 4 -1
342571 2 1
345415 3 -1
345476 4 -1
345765 4 0
346432 3 1
346755 4 0
347357 4 -1
347542 4 1
351567 5 1
352144 5 -1
353765 3 1
354376 3 1
355714 6 -1
357311 2 0
357527 5 0
361764 5 1
363132 2 1
372151 3 1
373233 2 1
373724 3 1
373732 4 1
376747 7 1
415471 2 1
415552 6 1
416431 3 1
422576 4 1
424251 6 1
424431 3 0
425662 4 -1
427146 4 1
431572 2 1
432126 2 1
432471 3 -1
433127 3 1
435216 2 0
435242 4 1
436751 6 1
443264 3 -1
443556 1 1
445127 2 1
445365 6 1
445722 4 1
446323 3 -1
447171 4 1
447572 4 -1
451752 5 1
452521 2 1
452762 4 1
454177 4 1
457311 3 1
461425 2 1
463771 4 1
466245 2 1
472511 5 1
474267 3 1
475712 4 1
512227 2 1
514217 2 1
514553 3 1
515326 2 1
517423 2 1
521232 2 -1
522512 4 1
524153 4 1
531121 2 1
531267 3 0
531414 1 -1
531562 3 0
533313 3 -1
533556 2 1
534676 3 -1
535441 2 1
535763 3 1
536217 3 0
536632 3 1
541142 4 1
543771 3 0
544132 3 1
544164 4 0
544424 1 -1
545537 4 0
546721 2 1
547471 4 -1
547733 4 -1
551244 6 1
551335 5 1
554474 2 1
555213 3 1
556165 4 1
556671 6 1
556775 5 -1
561212 5 -1
561577 1 -1
562164 2 1
563523 3 -1
564316 4 -1
564341 5 1
565724 5 1
566367 5 1
567627 5 0
571243 2 1
572372 3 0
574417 3 1
611273 4 1
611372 4 1
611545 4 0
612655 4 1
615313 4 -1
615473 2 -1
621252 2 1
622142 5 1
623153 5 1
623246 3 1
623626 2 1
624154 1 1
626457 5 1
626713 2 1
626772 6 1
631552 4 1
631771 3 0
632227 3 -1
632416 4 -1
632612 3 -1
632626 2 -1
633477 2 -1
634566 3 1
636211 3 1
641552 3 0
641677 4 -1
642736 4 0
643745 4 1
644555 4 0
644633 4 1
645454 4 -1
645567 6 1
647625 4 -1
647676 4 -1
651124 4 1
651134 3 1
651322 3 1
655165 1 -1
655342 4 1
656252 6 1
656311 3 1
656331 2 1
662634 4 -1
663456 3 -1
667125 5 -1
672343 4 0
672632 4 1
672667 4 1
673144 6 1
673424 4 -1
674212 2 0
674235 6 1
676221 4 1
677534 4 1
711443 2 0
712546 6 1
713266 3 1
713766 6 1
714573 1 1
716271 4 1
716327 3 1
717622 2 -1
721274 1 -1
721751 4 1
722536 5 1
723337 2 1
726422 3 -1
731114 6 -1
732234 3 1
732457 2 1
733461 2 -1
734134 3 1
734521 2 1
735155 4 1
736112 4 1
736264 1 -1
741552 3 0
742566 4 -1
743346 4 1
746113 2 -1
746226 3 -1
746511 4 0
752223 3 -1
753363 5 -1
754311 3 1
754517 4 0
754662 4 1
755331 4 1
755534 4 0
756334 2 1
756341 3 1
757323 3 -1
761134 4 0
761144 4 0
761215 5 0
761534 3 1
762517 3 1
762645 5 1
763421 2 1
765471 5 1
765666 5 -1
766211 2 1
766244 2 1
767456 6 0
767624 2 -1
767752 5 -1
774125 2 1
775126 6 1
776116 2 0
777324 4 0
1124625 4 1
1125754 3 0
1152724 6 0
1155146 4 1
1173521 3 1
1174454 3 1
1223515 5 0
1233174 3 1
1246657 4 -1
1256677 6 1
1263437 5 1
1264471 4 1
1267171 1 0
1311522 2 1
1327314 2 0
1342157 5 1
1356475 5 0
1363723 4 1
1412271 1 1
1416542 4 1
1435246 3 1
1435425 4 1
1454677 4 1
1457751 4 1
1517144 1 1
1526237 5 1
1526467 3 1
1537425 4 -1
1544317 2 1
1546426 4 -1
1551236 2 -1
1557411 2 -1
1564377 3 0
1567741 4 1
1571716 1 0
1576753 2 1
1614442 5 1
1623474 4 -1
1642342 6 1
1643175 3 1
1652376 3 1
1657142 4 1
1665777 4 1
1726731 3 1
1737321 3 -1
1753566 5 -1
1757624 3 0
1761153 3 0
1775145 2 1
2131531 4 1
2134312 1 1
2134672 4 1
2136753 3 1
2164456 1 -1
2172135 5 1
2225727 1 1
2231542 4 1
2235765 1 0
2244367 1 -1
2246333 1 -1
2255534 2 1
2255737 2 1
2257351 4 1
2264364 4 1
2266215 7 0
2272124 3 1
2273757 7 1
2274654 4 1
2315664 4 1
2321166 2 0
2365176 3 1
2426254 2 1
2431347 4 1
2445457 3 -1
2452533 3 -1
2455261 4 1
2457267 4 -1
2461345 2 1
2475146 4 1
2475672 1 -1
2521447 4 1
2533746 4 1
2534567 4 -1
2535742 2 1
2542217 4 1
2545462 4 -1
2546677 4 -1
2554621 5 1
2555732 6 1
2561623 2 1
2562763 5 1
2571316 1 1
2577431 5 1
2625463 1 -1
2634653 4 1
2656775 5 0
2672347 4 1
2722471 3 -1
2736533 4 -1
2757217 4 -1
2773311 3 0
2773312 2 -1
2774612 4 1
3115242 4 1
3117224 5 0
3124533 3 0
3131272 1 -1
3145457 4 1
3163727 3 1
3166161 4 1
3172463 3 1
3173275 4 1
3211744 4 1
3221316 4 -1
3246324 4 1
3263737 2 1
3323261 4 1
3364617 3 -1
3365716 6 1
3421662 4 1
3442247 4 1
3455365 4 -1
3462617 3 -1
3467614 4 -1
3471756 3 0
3474522 4 1
3525674 1 0
3526641 2 1
3543156 2 1
3551132 3 1
3563161 3 1
3563716 6 1
3653463 2 1
3654631 3 1
3657174 2 -1
3661476 4 -1
3661722 6 -1
3666431 2 -1
3667557 5 1
3722442 1 -1
3731552 4 -1
3747563 2 -1
3751536 4 -1
3751537 4 -1
3752564 5 0
3756562 4 -1
3757467 2 -1
3764457 4 -1
3771375 4 -1
4134677 5 -1
4142246 5 0
4147226 6 0
4147756 4 -1
4153147 6 1
4165655 5 -1
4173754 4 0
4174121 4 1
4214157 4 1
4214613 5 1
4215246 6 1
4226347 2 1
4234361 3 1
4235647 5 1
4237634 5 -1
4263744 5 -1
4275261 4 -1
4317441 4 1
4323154 3 0
4324554 3 1
4357235 5 0
4375737 7 1
4377752 5 1
4417565 5 1
4424445 3 1
4444113 2 1
4476276 3 0
4512372 4 -1
4513577 5 0
4521715 5 1
4526154 3 -1
4566354 5 1
4571423 4 1
4572377 4 1
4574714 4 -1
4635666 4 -1
4642272 2 -1
4644317 4 1
4661225 3 -1
4663112 4 0
4716132 2 0
4716445 4 1
4716557 5 1
4754347 1 -1
4761127 4 0
4763714 4 -1
4764531 6 1
4773672 4 1
5116114 4 0
5134276 4 1
5146323 3 0
5156776 5 0
5157632 2 -1
5173276 4 -1
5234164 4 1
5236423 3 1
5241325 6 -1
5261571 3 0
5263723 4 1
5312527 2 -1
5333652 4 1
5366531 5 1
5422461 4 1
5426271 4 -1
5427145 4 1
5427742 2 1
5432731 4 1
5445342 4 1
5475312 3 1
5527671 3 1
5552376 4 -1
5562652 5 1
5564523 4 1
5574471 4 1
5577574 6 -1
5633537 2 1
5654567 5 -1
5655613 3 0
5666153 4 1
5677571 5 0
5721431 2 -1
5726572 3 -1
5731256 4 0
5732573 6 -1
5757247 5 0
5774274 4 0
6131775 4 -1
6135234 4 1
6151267 4 1
6174536 3 1
6212744 4 1
6215765 2 1
6221276 4 -1
6223623 4 1
6247361 5 0
6247717 4 -1
6253251 3 1
6267612 6 -1
6274315 3 1
6274712 4 1
6314713 3 1
6325635 5 1
6334643 2 1
6337645 2 -1
6346161 4 1
6376657 5 1
6412423 4 1
6414147 5 1
6415267 4 1
6424621 2 1
6425751 4 1
6435416 4 -1
6435763 3 0
6462514 4 1
6471241 4 1
6521662 2 1
6521714 4 1
6526147 4 1
6527264 4 1
6547333 3 -1
6553465 3 -1
6574162 4 1
6613246 4 1
6613274 4 1
6622325 4 1
6633747 3 1
6652412 1 -1
6671512 4 1
6672412 5 0
6673662 5 1
6677351 5 1
6747571 3 0
6757525 5 -1
6762171 6 -1
6764233 3 0
6776552 5 1
7141334 1 -1
7154232 1 -1
7166257 2 1
7214524 4 1
7227431 2 -1
7231323 3 -1
7237251 2 1
7246177 4 1
7261747 7 1
7275213 2 -1
7276214 4 -1
7323566 2 1
7332273 4 1
7333267 2 1
7335234 4 1
7335267 3 1
7346765 3 1
7354254 5 1
7354533 2 -1
7357272 3 -1
7365157 4 1
7371466 4 -1
7374314 5 1
7374726 7 1
7411542 4 1
7416622 3 -1
7423376 4 1
7427121 4 1
7451536 4 1
7453563 5 -1
7464473 4 1
7472415 4 1
7536653 5 -1
7547566 5 0
7553473 4 -1
7561653 6 1
7564241 4 1
7571744 7 0
7613413 3 0
7622554 3 1
7627737 4 1
7634274 4 0
7641471 4 -1
7651774 4 0
7652441 4 1
7671151 1 0
7715774 5 0
7721524 1 -1
7724237 4 1
7726713 4 1
7742651 4 1
7757564 6 -1
7764663 4 1
11112746 4 1
11123174 3 -1
11124776 4 1
11126273 4 1
11132224 3 -1
11133652 3 1
11135354 5 1
11137676 3 0
11143447 3 -1
11147242 1 -1
11153472 3 0
11156215 1 -1
11161457 1 0
11162643 2 0
11162677 2 0
11164747 1 1
11165215 1 -1
11171632 1 0
11175621 3 1
11212613 2 1
11214757 4 1
11217152 1 -1
11217563 3 1
11221662 4 1
11223112 2 1
11225357 3 1
11227246 2 1
11231252 3 -1
11232677 2 1
11234575 4 0
11236344 2 -1
11236725 3 1
11237444 4 0
11237665 4 0
11241245 6 0
11241331 3 1
11241644 3 -1
11244176 1 1
11247544 4 0
11251277 4 0
11252471 2 1
11253531 3 1
11256655 4 1
11261643 2 0
11263355 2 1
11263377 2 1
11266557 4 1
11266775 4 1
11267137 3 1
11272413 2 1
11272451 2 1
11272516 4 1
11273662 5 1
11274346 4 1
11275216 2 1
11275242 2 1
11275365 3 -1
11276324 2 1
11276572 5 1
11277433 4 -1
11313651 1 1
11321614 1 -1
11322273 3 -1
11323517 3 1
11327143 2 -1
11334467 1 1
11335615 5 -1
11342266 4 -1
11344246 4 1
11344711 4 1
11345126 3 1
11345413 1 -1
11347765 6 1
11352151 1 1
11352437 6 1
11352733 6 1
11353275 3 1
11353653 4 1
11354232 3 1
11354656 3 1
11355517 4 1
11356111 3 1
11357627 3 1
11361777 4 1
11363627 3 1
11366347 4 1
11366663 4 1
11374254 3 1
11374673 4 1
11376215 3 1
11377133 4 1
11414646 2 1
11416557 4 1
11416653 5 1
11422147 1 1
11422764 4 1
11425345 5 1
11426517 4 1
11426763 2 1
11433754 4 1
11435117 3 1
11435337 2 0
11436557 4 1
11436642 4 1
11437473 4 -1
11443735 3 1
11444351 4 1
11445121 1 0
11447263 3 1
11447763 4 1
11451433 3 1
11452363 4 0
11452526 2 1
11452552 4 1
11453117 4 1
11453364 3 0
11454554 3 1
11456765 2 1
11457443 3 1
11462325 2 1
11464544 3 1
11466252 4 -1
11466727 2 1
11466742 2 1
11472313 4 -1
11473276 2 1
11476734 1 1
11477747 3 1
11511532 3 0
11513565 3 0
11514365 4 1
11515312 3 1
11516536 3 1
11521273 3 1
11521463 3 1
11521533 2 -1
11522167 1 1
11522536 6 -1
11523432 3 1
11524377 4 1
11524437 3 1
11524531 4 1
11526421 2 1
11527423 5 1
11527531 3 -1
11531273 1 -1
11531466 3 -1
11532154 2 1
11532625 5 0
11534723 3 0
11535511 3 1
11536267 5 1
11542336 4 1
11542513 4 -1
11543224 4 0
11544366 4 1
11544671 6 1
11546327 5 1
11547365 4 0
11547675 5 1
11551246 4 -1
11553332 2 0
11553475 3 -1
11553627 3 1
11554264 1 1
11554661 5 1
11556376 6 0
11557656 4 -1
11562627 2 1
11562656 6 1
11563234 3 1
11563257 2 1
11564344 4 -1
11565134 3 1
11566427 2 1
11566433 6 -1
11566572 5 0
11567367 3 1
11567372 3 1
11572167 4 1
11573135 4 1
11576765 3 0
11577763 5 1
11612716 2 1
11613775 3 1
11614632 3 1
11615556 4 1
11616324 3 1
11617353 5 1
11621545 4 0
11621573 4 -1
11623325 3 0
11623751 3 1
11625426 4 1
11632244 3 -1
11632667 3 -1
11635133 5 1
11635364 6 1
11637546 3 1
11637762 4 1
11641413 1 -1
11642422 2 -1
11642535 5 1
11642743 2 1
11643724 4 -1
11644173 6 1
11645226 4 1
11647376 3 -1
11647752 4 1
11653633 3 0
11656227 2 1
11657242 4 0
11657365 5 1
11657617 5 -1
11664645 3 1
11665473 5 -1
11666127 4 1
11667312 4 1
11671275 2 -1
11671435 3 1
11672264 4 1
11672613 3 -1
11673426 4 0
11673431 3 1
11675335 3 1
11675547 4 1
11676252 5 1
11676573 5 1
11677261 4 1
11677327 3 -1
11677545 2 1
11711752 4 1
11712745 4 1
11716225 1 -1
11716226 4 1
11721275 2 -1
11721552 2 -1
11722366 5 1
11723753 2 -1
11724127 4 1
11724163 4 1
11724376 4 1
11725343 4 1
11726573 4 0
11726714 4 0
11731334 2 -1
11731755 3 0
11733413 5 -1
11733461 5 1
11735266 2 1
11737243 2 1
11742615 3 -1
11743372 4 -1
11743437 3 1
11744324 4 0
11745123 1 -1
11745423 2 -1
11746173 3 0
11746632 4 -1
11751443 1 -1
11751636 3 1
11751647 4 1
11752436 2 1
11753464 4 -1
11754137 3 1
11754322 3 1
11755524 2 -1
11757322 3 1
11757554 3 -1
11761163 4 1
11762264 4 1
11762343 4 0
11774327 2 1
11774424 5 1
11774747 7 1
11775532 2 -1
11776423 4 1
12112567 6 1
12114732 2 1
12115274 2 -1
12115346 4 1
12116534 4 1
12122737 2 1
12123235 2 0
12123671 3 -1
12124763 1 1
12125511 2 -1
12125641 2 -1
12126176 2 -1
12131446 5 1
12132541 2 1
12134472 1 0
12135462 5 1
12136164 5 1
12136426 5 -1
12136512 4 0
12137357 3 1
12143525 1 1
12145727 4 1
12146233 1 -1
12152475 3 -1
12153232 2 0
12154134 3 -1
12157356 4 1
12161657 5 1
12162651 5 -1
12163215 2 1
12163377 3 1
12163537 4 1
12164472 6 -1
12165214 2 1
12166456 4 1
12167446 2 1
12172723 2 1
12173767 7 1
12175127 2 1
12175736 1 1
12176125 6 1
12176366 1 -1
12176571 3 -1
12177416 5 1
12216157 1 1
12224457 3 -1
12227335 4 0
12227751 4 1
12232343 3 -1
12232651 3 1
12233735 4 1
12234573 3 1
12235265 5 1
12235314 3 1
12235336 2 1
12235737 5 1
12237446 5 1
12237766 5 1
12246172 4 1
12246463 5 0
12247411 2 -1
12247554 3 -1
12251673 4 1
12253245 4 -1
12253624 7 1
12254757 3 1
12256475 3 -1
12257523 4 1
12263556 5 1
12264155 4 1
12266463 5 1
12267575 5 1
12271673 1 1
12272426 5 1
12274143 2 1
12274547 1 1
12276315 4 1
12276414 3 -1
12276714 4 1
12277174 5 1
12277261 2 0
12311573 2 -1
12312543 3 1
12314236 3 1
12314427 2 1
12315442 4 1
12315755 3 1
12317525 1 -1
12317534 5 1
12317762 3 1
12321457 5 1
12322664 4 1
12323717 3 1
12324137 3 1
12324541 4 1
12325345 4 1
12325512 2 -1
12325642 2 -1
12326563 2 -1
12327563 2 -1
12332114 1 -1
12332771 3 1
12333554 2 1
12333651 2 0
12334561 2 -1
12334715 1 1
12335466 4 -1
12335626 5 -1
12335772 5 -1
12337273 2 -1
12341371 3 -1
12341512 3 1
12342436 3 1
12343665 7 1
12344631 3 1
12345127 4 1
12345712 5 1
12346514 4 1
12347341 4 1
12347566 3 -1
12352534 1 1
12352546 5 1
12352676 5 0
12354622 4 1
12356673 5 -1
12357677 5 1
12363155 3 1
12363354 4 1
12363465 7 1
12363575 3 1
12363745 2 1
12365561 5 0
12366126 2 1
12366225 3 1
12366757 3 1
12367277 3 -1
12372336 2 1
12372546 3 1
12372654 4 1
12374373 4 -1
12413416 2 -1
12413477 2 0
12414772 4 1
12416124 5 1
12417261 4 1
12417413 2 1
12421767 6 1
12422314 1 1
12423552 2 1
12423637 3 1
12425463 5 1
12426753 3 0
12427575 5 -1
12427643 2 1
12427656 4 -1
12431235 2 1
12431362 1 0
12431564 1 -1
12432446 4 1
12432734 3 1
12433441 4 1
12434636 1 1
12435327 3 1
12436174 3 1
12437643 3 1
12441126 6 0
12443263 1 -1
12443575 2 -1
12444724 2 1
12446532 3 -1
12447263 3 1
12452174 4 1
12452654 5 1
12452666 4 1
12453161 6 1
12453417 1 1
12453461 4 -1
12453771 2 0
12455334 3 1
12456243 4 1
12461555 1 0
12462577 4 1
12462713 1 1
12463426 2 -1
12465157 4 1
12465331 4 1
12467456 4 -1
12472133 3 1
12475746 2 1
12476253 3 0
12476357 3 0
12476543 4 1
12476653 3 -1
12477553 2 1
12511166 4 1
12512116 4 1
12513265 3 1
12513363 2 -1
12513743 4 1
12515751 4 1
12516745 4 1
12521271 2 -1
12523244 2 -1
12524513 1 -1
12525653 2 1
12526555 4 1
12526713 1 -1
12527725 4 1
12533133 5 1
12533214 1 1
12537664 4 1
12541774 4 -1
12542447 4 1
12542536 5 1
12543421 4 0
12544175 4 1
12544317 2 1
12544342 4 1
12546161 6 0
12546325 4 1
12546726 4 1
12547343 4 1
12555164 6 1
12556243 4 1
12557122 4 1
12561536 1 -1
12563123 3 0
12564623 4 1
12565352 2 1
12566325 5 1
12572176 2 1
12573256 3 1
12574462 5 1
12575264 5 1
12575435 4 0
12575743 2 1
12576316 1 -1
12576732 2 1
12611664 4 0
12613542 3 -1
12613754 3 0
12614252 2 1
12614433 2 0
12615157 3 1
12615264 4 1
12615376 2 1
12616476 4 -1
12616737 4 1
12617526 5 0
12622532 1 -1
12623545 2 -1
12623735 2 1
12624675 5 -1
12627273 2 -1
12627762 2 0
12631132 2 1
12631251 2 1
12635373 3 1
12635641 2 1
12636216 1 -1
12636635 4 0
12637362 4 -1
12637366 4 0
12637513 4 -1
12642542 3 1
12644422 5 1
12645137 3 0
12646147 4 1
12646247 4 1
12647117 4 0
12647665 3 -1
12652653 4 1
12653473 4 -1
12654616 1 -1
12655613 4 -1
12656724 3 1
12657267 4 0
12662273 5 1
12664511 4 -1
12664777 4 1
12665177 2 1
12665234 4 -1
12672166 4 1
12672326 2 0
12674353 2 -1
12675511 4 1
12675617 4 1
12675654 5 1
12677226 4 0
12677332 2 1
12677342 3 0
12677356 3 0
12712131 1 -1
12712535 1 -1
12713256 3 -1
12714536 4 1
12714762 4 1
12715245 4 1
12715636 3 -1
12715665 5 0
12716164 1 0
12716542 4 0
12721352 2 1
12721413 5 0
12723276 2 -1
12723752 2 -1
12724315 1 0
12725144 5 1
12725216 2 -1
12726146 4 1
12732163 5 1
12732573 4 -1
12732716 1 1
12732776 4 1
12734351 4 1
12735263 5 1
12735424 2 1
12736417 5 -1
12737724 5 1
12745162 4 -1
12745211 2 -1
12746245 3 -1
12752636 5 0
12753644 4 -1
12753773 5 -1
12754135 4 -1
12754441 4 1
12754467 6 -1
12755236 1 1
12756346 3 0
12757133 2 -1
12761742 1 1
12762522 4 1
12763136 3 1
12765723 4 1
12766536 6 -1
12766576 2 -1
12767524 3 1
12767651 6 1
12767731 3 -1
12774152 5 1
12774435 4 -1
13111647 4 1
13113471 5 0
13115333 6 -1
13115634 2 1
13117445 1 -1
13122134 5 1
13124454 1 -1
13124552 1 1
13124576 1 1
13125237 1 1
13127176 3 1
13131355 3 -1
13134471 4 -1
13137612 3 1
13144426 5 -1
13144766 4 1
13145354 4 1
13145662 4 1
13145762 5 1
13146266 5 -1
13146524 1 1
13147671 5 -1
13152136 4 1
13152313 3 -1
13153276 4 1
13153375 1 -1
13154227 1 1
13154761 3 1
13161256 3 1
13161765 4 1
13163766 6 1
13165442 2 1
13166744 1 1
13167167 3 1
13167432 5 1
13172234 1 1
13172716 2 1
13173276 3 1
13176677 1 0
13177152 3 0
13177256 1 1
13177263 3 -1
13211575 3 -1
13213247 2 0
13213512 2 1
13215247 3 0
13216346 3 0
13217223 1 -1
13217225 3 1
13221775 3 1
13223437 1 1
13224575 3 -1
13225123 1 -1
13227131 3 1
13227341 4 0
13231642 1 -1
13232157 2 1
13234317 3 -1
13234462 1 -1
13236454 2 -1
13236662 2 -1
13242752 3 1
13245542 4 1
13245675 3 -1
13247315 6 -1
13252246 3 1
13253266 3 1
13253725 2 1
13261232 1 -1
13261461 5 -1
13263672 3 -1
13264676 6 -1
13265261 3 0
13265617 1 0
13266164 5 1
13266335 4 1
13267167 2 0
13267254 5 -1
13271274 1 0
13271445 6 1
13275571 3 0
13277555 3 -1
13277664 5 1
13311224 5 0
13314752 3 1
13316216 3 1
13316774 3 1
13321417 5 1
13321473 5 -1
13322665 4 1
13324625 4 1
13325637 3 1
13327376 3 0
13327655 5 1
13327677 3 1
13333557 4 1
13335153 1 0
13337555 4 -1
13341727 1 1
13342273 3 -1
13344674 5 -1
13345171 5 1
13345254 4 1
13345346 4 1
13345561 3 1
13347614 5 -1
13347731 3 1
13351152 4 1
13351323 1 -1
13352461 4 1
13353571 3 1
13354314 1 -1
13354672 4 1
13355124 6 1
13355222 4 1
13356367 5 1
13357167 5 1
13361322 3 -1
13362575 4 -1
13363621 6 1
13365124 4 1
13365272 2 0
13365652 5 1
13366351 5 1
13366637 3 1
13371621 1 1
13371722 2 1
13373271 3 1
13375277 3 1
13376372 3 0
13411227 1 1
13411633 1 1
13413422 4 1
13413664 3 1
13416544 4 1
13416722 3 0
13421176 4 1
13421514 4 1
13423761 3 1
13424667 2 1
13424774 4 -1
13425137 3 1
13425147 4 1
13434155 4 1
13434635 3 1
13435717 1 1
13437426 3 -1
13437615 1 0
13442335 2 1
13442361 2 -1
13443537 3 1
13445252 5 1
13445475 3 -1
13445562 3 0
13446171 4 1
13453276 4 1
13453665 3 1
13454342 1 1
13455123 2 1
13456761 3 1
13457727 2 1
13462345 3 1
13462554 4 1
13463321 4 -1
13467671 3 0
13472236 2 1
13472256 3 0
13472765 5 1
13473647 4 1
13473676 1 0
13474221 2 1
13474462 4 0
13474625 3 1
13474726 2 1
13475643 4 1
13477542 4 1
13477613 1 0
13511347 2 -1
13512474 2 -1
13516212 3 1
13516274 4 1
13516562 6 1
13517624 4 1
13522734 4 1
13522757 5 1
13524571 4 1
13526135 3 1
13526424 4 1
13526566 2 -1
13527216 1 1
13527446 4 1
13527553 4 1
13531427 3 1
13533252 1 1
13534611 3 -1
13541515 3 1
13542235 3 1
13544527 4 1
13544632 2 1
13545371 5 1
13546221 5 1
13553256 3 1
13553635 3 1
13554142 5 1
13557315 1 -1
13561417 4 1
13561454 1 1
13561622 5 -1
13563356 5 1
13563731 2 1
13564416 1 -1
13565135 2 1
13565175 3 0
13565236 5 1
13565752 4 1
13567552 3 1
13572651 2 1
13574324 2 -1
13574617 1 0
13576412 5 1
13577465 4 0
13611673 4 -1
13613427 3 1
13615324 3 -1
13615765 5 1
13616673 4 -1
13617754 6 1
13623135 4 1
13623453 3 1
13623726 2 0
13625374 5 -1
13626321 3 1
13626713 1 1
13627111 3 1
13627712 5 1
13631247 1 1
13632426 2 1
13632631 2 1
13633114 4 0
13634756 3 -1
13636315 3 -1
13636352 3 0
13636415 2 -1
13641772 5 0
13643657 3 0
13645243 4 1
13647251 4 1
13651764 2 1
13652237 2 1
13654212 5 1
13654342 4 1
13654624 5 -1
13654652 2 1
13656174 2 1
13656475 2 -1
13656476 2 -1
13657337 5 1
13657624 4 0
13661317 3 1
13662213 1 -1
13662467 4 1
13664514 1 -1
13664622 4 -1
13665252 4 1
13665541 4 1
13667615 1 -1
13671365 5 1
13671414 4 1
13672212 1 -1
13673726 3 1
13674553 5 1
13675516 1 -1
13675533 5 -1
13675675 3 -1
13676225 4 1
13677266 2 -1
13712535 3 1
13713162 4 1
13713217 4 1
13714537 3 1
13715225 4 1
13715366 3 1
13716516 2 -1
13717136 3 1
13717626 3 -1
13717727 6 -1
13721246 2 1
13721467 5 -1
13722376 3 0
13722714 5 1
13723536 4 1
13724627 4 1
13725466 5 1
13727364 5 -1
13743122 3 1
13745352 1 1
13745467 6 -1
13745752 2 1
13746335 2 -1
13747754 4 -1
13755266 4 0
13755523 3 -1
13756152 4 1
13757263 4 -1
13757635 4 1
13757752 4 1
13762166 4 -1
13762413 5 -1
13763556 4 1
13765271 3 1
13765437 3 1
13766724 5 1
13767657 3 0
13771646 4 -1
13773373 5 -1
13773436 5 1
13774357 4 1
13776126 2 1
14111232 4 -1
14111363 2 -1
14112553 6 -1
14113155 3 0
14113253 1 -1
14114264 4 0
14115341 4 1
14116436 4 -1
14116472 3 -1
14117355 4 -1
14117421 4 -1
14117657 4 -1
14122165 3 -1
14123735 6 1
14123766 4 0
14125376 4 1
14125543 2 1
14126321 5 -1
14126716 4 0
14126752 5 -1
14127231 1 -1
14131244 5 0
14132325 6 -1
14133125 6 1
14133352 1 1
14137656 1 -1
14142632 1 -1
14143534 4 -1
14145442 1 -1
14146533 4 -1
14146625 5 -1
14153662 7 1
14156146 4 1
14156767 3 1
14157646 3 -1
14157733 5 0
14161344 5 -1
14161533 7 -1
14165172 4 1
14165712 4 1
14172213 2 1
14172765 1 0
14173575 6 -1
14175625 4 -1
14175743 1 1
14176675 4 -1
14177243 5 0
14212655 2 1
14213375 4 0
14214155 4 0
14215377 2 1
14215577 4 -1
14222574 6 -1
14222715 6 -1
14223144 2 -1
14224263 2 1
14225447 4 -1
14226153 3 0
14226334 4 -1
14226554 4 -1
14227546 3 -1
14231352 5 1
14231441 5 0
14231776 5 -1
14232162 4 -1
14233156 4 1
14233246 5 -1
14233524 6 -1
14233525 6 -1
14234472 4 -1
14234542 6 1
14235125 2 1
14235356 5 1
14235446 4 1
14236473 3 -1
14236577 2 1
14237322 3 -1
14241363 1 -1
14243152 3 -1
14243717 4 -1
14246265 6 -1
14247213 1 -1
14247247 1 -1
14247362 4 -1
14247466 4 -1
14252121 4 1
14253227 6 -1
14253767 5 1
14255246 1 -1
14255276 3 -1
14256642 4 1
14257354 6 -1
14257525 5 -1
14257734 4 -1
14261111 3 -1
14261367 5 1
14263515 7 -1
14263544 7 -1
14265375 3 -1
14265517 4 -1
14267541 3 1
14271116 5 -1
14272141 1 1
14272213 1 -1
14272634 5 -1
14273634 5 -1
14275166 4 0
14275624 2 1
14276264 6 -1
14277642 5 0
14312443 2 -1
14313376 5 -1
14314357 4 1
14314442 2 1
14316526 4 0
14321347 4 1
14321676 1 1
14322367 3 1
14324166 2 1
14324266 4 1
14324327 3 1
14325217 5 1
14325456 4 1
14325661 2 1
14327532 3 1
14337141 1 -1
14337644 4 -1
14337672 4 -1
14342117 3 -1
14344535 3 1
14345522 3 -1
14345542 2 -1
14347161 1 -1
14347367 3 -1
14347546 4 1
14351465 1 -1
14354577 4 1
14354613 7 -1
14355421 4 -1
14356462 4 1
14356615 4 -1
14356714 1 -1
14357315 1 -1
14362552 7 -1
14364336 4 1
14371475 6 -1
14372642 5 -1
14373673 5 -1
14374573 6 0
14376154 4 -1
14376471 4 -1
14377564 4 1
14413217 4 1
14413662 7 1
14417237 2 1
14417266 4 1
14422246 4 1
14424517 1 -1
14424653 2 1
14425361 5 1
14425513 2 1
14426337 5 1
14426736 2 1
14427257 4 1
14432416 5 -1
14433341 4 1
14433371 5 -1
14433753 4 1
14435246 2 1
14441756 4 -1
14442372 4 -1
14442721 2 1
14444253 2 1
14446465 1 -1
14453276 4 1
14453462 4 1
14453623 7 0
14454772 1 -1
14455233 4 1
14456133 3 1
14456441 2 1
14462123 5 1
14466134 4 -1
14467136 4 1
14471427 4 -1
14471512 2 -1
14471754 4 0
14472242 2 1
14473115 6 0
14473155 4 0
14473255 4 1
14473265 5 1
14473435 6 -1
14473441 2 0
14473646 5 1
14474315 1 -1
14474667 5 1
14475133 4 1
14476546 4 1
14514756 5 1
14515336 4 1
14516523 4 -1
14517453 5 1
14522172 5 1
14523775 4 -1
14524763 3 1
14526446 5 1
14526514 1 -1
14526521 5 -1
14531556 1 1
14532135 3 1
14532374 1 -1
14532454 4 -1
14532766 4 0
14536132 5 1
14541727 4 1
14542326 2 1
14543746 4 1
14545476 4 -1
14545774 4 -1
14547217 4 -1
14553577 3 -1
14555516 1 -1
14556344 4 0
14556425 4 -1
14556477 6 -1
14557145 4 -1
14557363 4 -1
14561631 3 -1
14562347 2 1
14562752 4 1
14563237 3 1
14566117 4 -1
14574223 3 1
14574272 4 1
14574614 4 -1
14576241 4 1
14576413 4 -1
14577262 4 -1
14577273 2 1
14577766 4 -1
14612347 2 1
14613767 6 1
14614267 4 1
14615145 4 0
14622256 4 1
14622355 4 1
14623312 1 -1
14623617 4 0
14625176 4 -1
14625776 4 0
14626314 5 -1
14626557 3 1
14626747 2 1
14626753 5 1
14627717 1 -1
14632646 4 1
14632664 4 -1
14633765 2 1
14634655 4 1
14637415 2 -1
14637425 4 1
14637757 4 0
14643525 2 -1
14644131 3 0
14644166 4 1
14645526 5 -1
14646325 4 1
14646367 4 1
14646526 4 -1
14651732 1 1
14652174 1 -1
14653567 5 1
14654114 4 0
14655672 3 -1
14656577 6 1
14657361 2 1
14665133 4 -1
14665233 4 -1
14667477 4 -1
14671535 1 0
14672542 4 1
14672723 2 1
14673421 4 -1
14673715 6 1
14674462 4 1
14676437 4 1
14677276 4 -1
14711213 5 -1
14712265 4 0
14713455 3 -1
14716665 4 0
14717761 7 -1
14722175 3 0
14723143 4 1
14723356 3 -1
14723576 4 1
14725562 4 -1
14725746 2 1
14726521 3 1
14727163 5 -1
14727237 3 -1
14731211 5 -1
14731416 5 -1
14732143 3 1
14732721 2 1
14734743 2 1
14735157 3 1
14735253 1 1
14735271 3 1
14741536 4 -1
14742165 1 -1
14742546 3 -1
14742624 4 -1
14743546 4 1
14744625 3 -1
14745115 4 -1
14745547 1 -1
14745616 1 -1
14746126 2 -1
14746271 4 -1
14746332 5 -1
14747716 4 -1
14755334 1 -1
14755721 2 1
14756257 3 0
14756661 4 0
14757555 3 -1
14757722 4 -1
14761517 3 1
14761754 4 -1
14763374 4 -1
14763416 1 -1
14763475 4 -1
14764534 4 -1
14765312 4 1
14765441 4 0
14772632 4 -1
14773313 3 -1
14773412 1 1
14774577 3 0
14775424 4 -1
14776447 1 -1
14776657 5 -1
14776715 5 -1
15113665 5 1
15113727 3 1
15113756 4 1
15114451 2 1
15115664 1 -1
15122656 7 0
15123542 1 -1
15123714 6 1
15123715 3 1
15124427 1 1
15125552 1 0
15125631 5 1
15126224 3 -1
15126436 1 1
15126447 3 1
15126723 4 1
15127352 4 0
15127377 4 -1
15127724 3 1
15132317 2 1
15132356 4 -1
15133577 1 -1
15133641 4 1
15134227 1 1
15135325 3 0
15135671 4 -1
15136623 1 -1
15137554 1 -1
15152651 4 1
15153453 1 -1
15154345 5 -1
15155421 6 -1
15155567 1 -1
15155664 1 -1
15164122 4 1
15166631 4 1
15174564 1 -1
15176274 3 0
15176731 2 1
15177655 4 -1
15213427 6 1
15214226 2 1
15214761 4 1
15215564 2 -1
15216755 4 1
15222327 1 1
15222736 1 -1
15223764 4 -1
15224141 4 1
15226143 4 1
15226416 4 -1
15234772 3 1
15235441 6 1
15236313 3 -1
15236576 6 -1
15237432 6 0
15237517 1 -1
15241375 6 -1
15242315 6 -1
15242435 2 -1
15244125 2 0
15244135 4 1
15244264 4 0
15246742 4 1
15251453 6 1
15252442 6 -1
15253574 5 -1
15254215 5 1
15256356 3 1
15256621 5 1
15256737 3 1
15261332 4 0
15261441 1 -1
15262266 4 0
15262416 1 -1
15262767 4 1
15263155 2 1
15263423 7 -1
15264124 2 1
15264157 4 1
15264216 1 1
15264467 6 1
15265213 4 1
15265542 4 1
15266674 3 -1
15266771 4 1
15267175 4 1
15267735 5 1
15272721 3 1
15273526 1 -1
15274331 5 1
15276175 5 1
15276177 5 1
15276764 2 1
15277577 4 1
15311517 1 1
15311524 3 -1
15312761 3 1
15313731 2 1
15315466 5 1
15316357 5 1
15317254 3 1
15317372 2 -1
15324132 3 1
15324133 1 0
15324354 4 1
15326331 2 0
15326453 5 1
15326774 2 1
15332165 5 1
15334237 2 1
15335357 4 1
15335412 5 1
15336316 1 -1
15337745 4 1
15341274 4 -1
15341346 7 -1
15343216 7 1
15343721 6 1
15344326 7 0
15344731 6 1
15346275 4 0
15352411 3 1
15353156 3 1
15354756 4 1
15355436 7 1
15355513 1 -1
15356243 4 -1
15363666 3 1
15363755 4 1
15364476 3 1
15364773 4 1
15367523 5 1
15367634 2 1
15367733 4 1
15371311 4 1
15371617 4 1
15372354 6 -1
15372445 6 -1
15372752 3 1
15373772 5 1
15374655 3 1
15376261 3 1
15376742 5 1
15377561 5 1
15411272 4 -1
15411644 5 1
15413652 4 1
15413664 3 1
15414236 3 1
15415726 4 1
15417263 4 1
15417675 2 1
15422237 3 1
15423552 4 -1
15423565 5 -1
15424516 1 1
15424524 4 1
15424533 4 1
15425431 2 0
15426417 1 -1
15426536 4 -1
15426564 4 -1
15426647 2 1
15431532 2 1
15432767 5 1
15433214 4 1
15433541 4 1
15434143 3 1
15435176 3 1
15435467 4 1
15435772 2 1
15436574 6 -1
15436576 4 -1
15437142 4 1
15437631 5 1
15441452 1 -1
15441716 2 1
15442754 4 0
15445624 5 1
15446365 5 1
15446767 2 1
15447356 5 1
15451734 1 1
15452216 1 1
15453134 3 1
15453341 4 1
15453772 4 -1
15454643 1 1
15455274 2 -1
15456374 6 -1
15457246 4 1
15461274 1 -1
15461571 5 1
15462322 3 1
15463733 4 1
15471334 1 0
15471534 1 1
15471742 1 1
15473167 4 1
15474325 4 1
15474523 4 1
15474652 3 1
15474713 4 1
15475143 4 1
15475375 1 0
15475412 5 1
15476223 4 1
15476266 4 1
15476525 5 1
15476563 3 1
15512135 2 1
15512761 3 1
15515271 2 1
15516715 5 -1
15521746 1 1
15522213 4 1
15522216 1 -1
15522672 2 1
15524551 4 1
15526346 2 1
15526536 1 -1
15531141 5 1
15532353 3 1
15532716 4 1
15532743 3 1
15533215 4 1
15534214 4 1
15534274 4 1
15534341 4 1
15534552 4 1
15541214 3 1
15542276 3 -1
15545523 6 1
15546576 3 -1
15551522 1 -1
15556145 4 1
15556413 2 -1
15561377 4 1
15562532 2 -1
15566264 1 -1
15572142 4 1
15572433 6 -1
15572746 4 1
15573352 4 1
15574522 2 1
15611445 4 1
15611473 2 -1
15613261 6 1
15615437 4 1
15615711 3 1
15616251 6 1
15616713 3 1
15617345 3 1
15622163 4 1
15622432 4 1
15622474 3 -1
15622537 6 0
15623171 3 1
15623526 3 -1
15623625 3 -1
15625331 4 1
15625344 4 1
15625427 3 1
15627343 5 -1
15627363 4 -1
15627643 3 0
15632347 4 0
15632434 4 1
15632446 3 1
15632772 3 1
15634437 4 0
15637443 2 0
15642324 2 1
15642363 3 1
15643567 5 1
15643642 2 1
15644534 4 -1
15645315 2 -1
15645477 5 0
15646345 2 1
15646452 3 -1
15647666 4 -1
15652173 3 -1
15653445 5 -1
15653655 2 1
15654332 3 1
15654673 4 -1
15656234 5 1
15657254 3 -1
15663443 4 1
15671153 5 1
15671475 1 -1
15673263 6 1
15674461 4 1
15674625 4 1
15675133 5 1
15676675 5 -1
15677263 4 1
15677453 2 1
15713216 3 1
15713274 5 1
15714432 4 -1
15715622 4 1
15723221 1 -1
15725146 4 1
15731235 4 -1
15731657 4 1
15732627 4 1
15733363 2 -1
15733552 4 0
15735742 3 1
15736165 5 1
15737163 2 -1
15741363 2 -1
15741541 2 -1
15742471 4 -1
15742765 4 -1
15743114 3 -1
15743143 4 1
15743323 4 -1
15743512 4 -1
15743656 6 1
15744144 3 1
15745176 3 1
15746365 2 -1
15751217 2 1
15751275 5 -1
15751312 4 -1
15752174 5 -1
15752233 2 -1
15752467 4 -1
15753414 4 -1
15753473 4 -1
15756115 5 -1
15761257 1 1
15761356 4 0
15762143 4 1
15762274 3 -1
15762541 4 1
15763344 3 1
15764526 4 1
15767661 4 1
15767747 3 1
15771634 5 1
15774652 5 1
15776642 4 -1
16111372 3 0
16114452 5 -1
16114772 4 1
16115243 4 1
16115365 3 0
16115435 3 1
16117436 1 -1
16121173 4 0
16123273 1 -1
16125735 6 -1
16126645 4 1
16133217 4 1
16134144 2 -1
16142233 2 -1
16143241 3 1
16143247 5 0
16145415 6 -1
16151641 5 1
16153574 1 0
16153633 4 1
16155332 4 1
16155526 1 1
16155713 4 1
16156737 4 1
16157323 4 -1
16161735 4 1
16164777 3 1
16167445 3 -1
16167477 6 -1
16175211 5 0
16175357 3 1
16214713 3 1
16215364 3 1
16215776 2 1
16216111 4 1
16216241 4 1
16217516 4 1
16217524 3 1
16221372 2 -1
16221655 1 -1
16221771 4 0
16223537 1 -1
16223563 7 1
16225251 3 1
16225423 4 1
16225513 1 -1
16226313 1 -1
16226426 5 -1
16231152 3 -1
16232664 5 0
16233633 5 1
16234234 3 -1
16234252 4 -1
16234473 3 -1
16234745 3 1
16236547 4 1
16243343 3 0
16243457 4 -1
16243761 5 1
16244613 5 -1
16244657 2 1
16246123 5 1
16246373 5 -1
16251545 5 1
16251762 4 1
16252346 2 1
16252537 1 -1
16253434 7 -1
16254477 2 1
16254567 4 1
16255611 4 1
16257153 4 1
16257761 3 1
16261523 4 -1
16262534 7 -1
16264174 2 1
16264471 2 1
16265765 3 -1
16266244 4 -1
16266737 5 1
16267342 1 -1
16267513 4 -1
16271677 4 1
16273233 3 0
16275423 2 1
16277125 4 1
16277726 2 1
16313767 3 1
16315131 1 1
16315234 3 1
16315562 5 0
16316766 4 1
16317732 3 1
16322445 7 1
16322512 3 -1
16322776 3 -1
16324754 3 -1
16325565 3 -1
16325624 4 1
16325714 1 1
16326375 2 -1
16327546 5 0
16331212 2 1
16335515 1 -1
16336443 4 1
16337121 1 -1
16342626 6 -1
16343326 4 0
16343532 7 1
16343721 5 1
16345244 4 -1
16346216 1 1
16346355 5 1
16347345 4 1
16347535 3 1
16351334 7 -1
16352713 1 -1
16354247 3 1
16354662 3 1
16355174 4 1
16355767 4 1
16356165 4 1
16357343 4 1
16365361 4 1
16366523 7 1
16367254 3 -1
16367633 6 -1
16373552 4 1
16373771 3 1
16374212 2 0
16376245 4 1
16412264 4 1
16412563 2 1
16412714 2 1
16413336 4 1
16415125 1 1
16415532 5 -1
16416576 4 1
16416762 4 1
16417475 4 1
16421452 1 -1
16422266 4 1
16423133 4 -1
16423237 3 1
16423757 3 1
16424735 3 1
16426124 6 1
16427124 6 1
16427513 1 1
16431213 4 1
16431274 1 0
16431627 4 1
16433112 4 1
16433476 3 -1
16435126 5 0
16437426 4 -1
16441225 1 1
16441425 1 1
16443273 3 -1
16445477 2 -1
16445614 1 -1
16446411 4 -1
16446567 1 1
16446737 3 1
16447173 1 -1
16447251 4 -1
16452141 4 1
16453233 4 1
16453733 4 1
16454135 4 1
16455247 3 1
16456157 2 1
16456637 4 1
16457776 5 1
16461453 1 -1
16461732 4 1
16462141 4 1
16462147 4 1
16464623 6 -1
16464655 6 -1
16464754 2 -1
16466145 3 1
16471153 3 1
16471317 4 1
16472445 4 1
16472525 2 1
16473115 3 1
16473243 4 1
16473257 3 1
16473463 3 1
16474373 4 1
16477741 1 1
16511275 5 -1
16512324 2 1
16512436 5 -1
16513713 3 0
16514637 4 1
16517465 5 1
16522633 5 -1
16524272 2 -1
16524422 4 -1
16527441 2 1
16531541 3 1
16532667 5 -1
16533574 3 1
16534357 5 1
16535712 3 1
16537372 5 -1
16537647 4 -1
16537666 1 -1
16542571 5 -1
16542632 3 -1
16543741 5 1
16544354 6 1
16546177 4 1
16546424 4 -1
16546432 2 0
16547211 4 1
16547322 5 -1
16551752 6 0
16553266 3 -1
16553427 3 -1
16553671 6 -1
16553714 1 -1
16557624 4 -1
16562463 4 1
16562464 5 -1
16563212 5 -1
16563334 4 0
16563451 5 1
16565143 5 1
16567132 3 -1
16571331 4 1
16573141 3 1
16573471 6 1
16574147 3 1
16574353 5 1
16611555 4 0
16613426 4 1
16614435 3 1
16614767 3 1
16617541 5 1
16621174 4 1
16626542 6 1
16626773 6 1
16627242 2 0
16627472 4 1
16632472 5 -1
16634513 1 0
16641323 5 -1
16641336 5 1
16641764 5 -1
16642324 5 0
16643211 3 1
16643214 4 1
16643217 5 1
16644112 5 1
16645347 5 1
16645642 2 1
16646133 4 1
16646756 5 1
16651647 1 1
16652456 1 -1
16656312 4 1
16656577 5 1
16657225 5 1
16657637 3 1
16661361 3 1
16665741 4 1
16666475 3 -1
16671433 5 -1
16672346 4 1
16673142 2 1
16673324 5 -1
16674427 2 1
16675347 3 1
16675536 5 1
16676115 4 1
16676276 2 1
16713275 3 1
16715662 7 1
16715772 2 -1
16716356 1 -1
16717353 5 -1
16717364 5 1
16721373 3 -1
16721762 1 1
16722341 4 1
16723216 2 -1
16723441 6 1
16726632 3 -1
16731764 5 0
16732321 2 1
16733337 6 1
16733562 4 1
16735317 5 -1
16735612 1 -1
16737536 4 0
16741754 4 -1
16743125 2 1
16743264 2 1
16743336 4 0
16746266 4 1
16747153 3 1
16747657 2 -1
16751265 1 0
16752234 3 1
16753436 2 1
16753612 5 0
16753772 5 0
16754454 4 0
16754553 6 1
16755621 2 1
16757135 5 1
16757345 3 1
16757515 5 -1
16761436 6 -1
16761733 3 0
16762456 6 -1
16762611 6 -1
16763647 6 1
16766167 1 -1
16771551 5 1
16771616 6 -1
16772254 4 -1
16772712 1 1
16773125 3 1
16773222 4 -1
16775174 4 -1
16777266 4 -1
17113753 4 1
17116243 4 1
17116627 4 1
17122336 2 1
17125227 5 1
17125435 1 -1
17125465 1 -1
17125634 1 1
17126731 3 1
17127367 4 1
17127437 2 -1
17131624 5 1
17133467 4 1
17134535 3 1
17134715 4 1
17135675 1 0
17136325 1 -1
17143565 1 0
17144133 3 0
17145232 5 1
17152155 4 1
17153342 1 1
17154236 3 1
17155256 4 1
17155524 6 -1
17155652 4 1
17156472 3 0
17157776 4 1
17164514 2 1
17165627 2 1
17166134 5 0
17166257 2 1
17166432 5 1
17166552 4 1
17171153 3 1
17172351 3 1
17172552 1 1
17172741 7 1
17173332 1 1
17174527 7 1
17175235 2 0
17175247 7 1
17175332 1 1
17176257 7 0
17177371 3 0
17213251 3 1
17214756 4 1
17215543 2 0
17216114 4 1
17217577 4 1
17221354 5 1
17222515 4 1
17223633 3 0
17224611 1 1
17225523 3 1
17225673 3 0
17226675 3 0
17227353 2 -1
17231675 4 -1
17232271 3 -1
17232534 6 1
17234222 3 -1
17235771 2 1
17236121 3 -1
17236547 5 1
17242453 2 1
17243461 4 -1
17243766 4 0
17245142 4 1
17245264 1 -1
17251173 3 1
17251447 6 0
17252313 1 1
17252457 6 -1
17253363 3 1
17255326 4 1
17256261 4 1
17261442 5 -1
17262674 5 -1
17263477 5 -1
17264567 4 1
17264642 4 1
17264742 4 1
17265125 2 1
17266136 2 1
17267225 4 1
17267334 5 1
17271414 2 -1
17272515 1 1
17274612 1 1
17275457 7 0
17277132 3 1
17277646 4 1
17313521 3 1
17314347 4 1
17314373 5 1
17314564 3 1
17314717 7 1
17315211 3 1
17316375 6 1
17317436 5 0
17321166 3 1
17321567 5 1
17321575 6 -1
17323476 5 0
17324263 4 1
17325725 6 1
17325752 2 1
17326226 3 1
17333276 2 -1
17335724 3 0
17336164 3 1
17341437 1 1
17341572 6 0
17341574 6 -1
17342312 4 -1
17342614 5 -1
17343522 6 -1
17343656 2 -1
17344627 5 0
17344722 4 1
17346462 6 1
17347122 3 -1
17347537 6 -1
17351366 1 -1
17353212 1 1
17354243 4 1
17354366 4 1
17354466 4 1
17354674 4 1
17356214 1 1
17356351 5 1
17361276 1 -1
17365627 2 1
17366411 5 0
17371262 1 1
17371377 4 1
17371513 2 1
17372112 3 1
17374241 3 1
17413312 2 0
17414747 7 1
17416357 3 0
17417243 2 1
17417523 2 1
17417742 1 1
17421347 1 1
17423157 4 1
17423651 3 1
17424266 3 1
17424756 2 1
17425733 4 1
17426713 6 1
17433636 1 0
17435643 4 1
17437134 4 1
17437524 4 1
17442254 5 -1
17442463 3 -1
17442623 2 1
17444723 2 1
17445212 1 -1
17446667 3 1
17447261 2 0
17447362 2 -1
17451553 1 1
17451677 3 1
17452164 4 1
17452341 4 1
17452523 2 1
17452526 2 1
17455176 3 1
17456343 4 1
17457425 2 1
17461333 1 0
17462243 4 1
17463734 3 1
17466522 4 1
17466542 4 1
17472162 4 1
17472326 2 1
17472566 4 1
17473263 4 1
17473536 3 1
17475153 3 1
17511137 4 1
17511256 2 1
17511324 5 1
17513421 3 -1
17513746 4 1
17516376 3 0
17516474 4 -1
17521476 5 1
17522166 4 1
17522761 4 1
17523663 2 -1
17525151 4 1
17525427 4 1
17525446 3 1
17526442 4 1
17527757 4 1
17531656 5 1
17532215 1 -1
17532224 1 1
17532477 5 1
17533115 3 1
17533631 2 1
17535267 3 1
17536456 5 1
17537355 1 -1
17541514 5 -1
17542137 5 1
17543265 4 0
17543766 4 0
17544175 4 1
17544273 2 1
17545366 5 1
17545633 5 1
17546511 4 -1
17553177 4 1
17553376 6 -1
17554571 3 1
17554573 3 -1
17555461 4 1
17556213 1 -1
17557321 3 0
17562476 4 0
17563477 4 0
17564335 3 1
17565432 4 1
17566463 4 1
17567563 5 1
17571267 7 0
17572246 4 1
17572475 4 -1
17572714 7 0
17574132 4 1
17575772 2 1
17576247 7 1
17612161 1 -1
17614364 4 1
17616426 4 1
17616526 5 1
17617227 3 1
17617244 2 0
17617752 5 1
17621174 4 0
17621322 1 -1
17621347 6 1
17622174 6 1
17623425 4 1
17624546 2 1
17624752 4 1
17625236 3 1
17626257 4 1
17626413 5 1
17631374 1 -1
17633224 5 1
17633524 2 1
17635461 5 1
17635675 3 -1
17636524 4 1
17641165 3 1
17644274 4 0
17644531 5 1
17646663 4 0
17647265 3 1
17647351 6 1
17652714 1 0
17653226 3 -1
17653533 5 0
17655177 2 1
17657142 4 1
17662631 2 1
17663162 2 1
17663424 6 -1
17663714 4 0
17664647 3 1
17664672 4 0
17665672 6 0
17667622 2 -1
17671327 7 0
17672434 2 -1
17673533 5 1
17674351 3 0
17675423 5 1
17676262 4 1
17677147 3 1
17711743 3 1
17711764 4 -1
17712513 3 0
17712744 2 1
17716354 6 1
17717564 3 1
17722235 3 0
17722554 1 -1
17722564 3 1
17723261 3 1
17723275 3 -1
17723345 3 -1
17724215 1 -1
17724652 4 -1
17726722 2 0
17727551 4 1
17732261 3 0
17732654 2 1
17734435 4 1
17741226 5 0
17741254 4 -1
17741363 1 -1
17741762 4 1
17743623 5 -1
17745562 4 -1
17746132 6 1
17747721 5 -1
17751363 5 1
17752427 6 -1
17752653 4 1
17753243 3 -1
17756152 2 -1
17756275 2 -1
17761131 3 1
17761146 4 1
17761533 4 1
17762542 4 1
17763325 1 -1
17764217 4 1
17765162 6 1
17766671 4 -1
17767252 5 -1
17767273 2 1
17772652 2 1
17773546 3 1
17775643 5 1
21112743 2 1
21114663 4 1
21116433 4 -1
21116443 3 1
21117166 4 0
21117531 4 -1
21117536 3 1
21121127 2 1
21122415 6 -1
21123535 3 1
21126265 2 -1
21127432 4 -1
21132541 2 1
21132666 2 1
21137725 3 1
21137726 2 1
21137767 2 1
21141732 1 -1
21142721 1 1
21143267 4 0
21146246 2 0
21151261 2 -1
21153754 6 0
21155646 5 1
21156315 1 1
21156742 4 0
21157114 4 1
21163551 3 1
21163621 2 1
21164176 4 1
21165747 1 1
21167277 4 1
21167764 2 1
21171336 1 1
21171641 4 1
21172563 3 1
21173132 2 1
21173153 5 1
21174546 4 1
21175323 2 1
21175533 2 1
21175551 2 1
21176527 2 1
21177331 2 1
21177615 4 -1
21216163 1 1
21216631 1 0
21217416 2 1
21222265 4 -1
21223554 3 1
21224155 6 1
21224471 5 1
21224526 4 1
21226715 2 -1
21227536 3 1
21232537 4 1
21233741 2 1
21234147 2 1
21234167 1 1
21234514 2 1
21236413 2 1
21236451 2 1
21237526 4 1
21237536 4 1
21237667 2 1
21241454 4 -1
21241524 4 1
21244417 2 1
21246177 6 1
21247113 2 1
21247524 4 1
21251771 2 1
21253361 3 0
21253435 1 1
21254357 2 1
21254522 5 1
21255134 2 1
21256156 5 1
21262753 3 1
21262762 4 1
21263146 2 1
21264576 2 0
21265275 3 1
21267574 3 1
21271362 3 -1
21273774 2 1
21274377 2 1
21274563 2 1
21275271 5 1
21275376 2 1
21276274 4 1
21277526 4 1
21311754 2 0
21314333 4 1
21316764 2 1
21317137 1 1
21317745 2 0
21321154 2 -1
21322536 3 1
21323211 3 1
21323771 3 1
21324221 3 1
21325671 6 1
21331162 3 0
21332356 2 1
21334163 3 -1
21335451 5 1
21336546 4 0
21337117 2 0
21337374 4 -1
21337441 3 1
21337532 1 -1
21341672 4 0
21342674 2 1
21346477 4 -1
21347621 6 1
21351336 5 0
21351641 3 1
21352562 3 -1
21355147 2 1
21356215 1 -1
21356247 4 0
21356352 1 -1
21356421 2 1
21357155 3 1
21357416 2 1
21357713 5 0
21361277 4 1
21361315 1 -1
21364761 4 1
21365324 2 1
21366521 3 1
21367363 3 -1
21373231 4 1
21374464 3 -1
21374733 2 1
21375773 3 1
21377547 2 1
21411556 5 1
21413577 2 0
21413635 3 1
21414733 4 1
21415474 1 1
21416333 7 1
21416637 3 1
21421736 3 1
21425336 3 1
21427147 5 1
21427624 4 0
21431741 3 1
21434165 4 1
21435421 4 1
21437161 1 1
21437215 5 0
21437274 1 -1
21437522 3 1
21437572 4 -1
21441237 3 1
21441241 3 1
21442616 2 1
21444572 4 -1
21445671 4 1
21445744 2 1
21446132 3 1
21452363 2 1
21455256 5 1
21456233 4 -1
21457464 2 -1
21463672 3 1
21465276 4 1
21465514 4 1
21471543 3 1
21471636 2 1
21475361 2 1
21476426 4 -1
21476531 6 1
21476733 4 1
21477156 4 1
21477552 7 1
21511145 6 1
21515365 3 1
21515745 4 1
21517114 2 1
21517261 1 0
21521534 2 -1
21521667 5 1
21521776 5 1
21522714 4 1
21525131 1 0
21525711 2 1
21526156 4 1
21526351 4 1
21526674 4 -1
21526726 3 0
21527341 4 1
21527564 4 -1
21532415 4 1
21534476 3 -1
21536463 2 1
21541167 4 0
21543214 5 -1
21543344 4 0
21543611 2 1
21544151 1 0
21544761 4 1
21547276 4 0
21547537 2 -1
21552142 6 1
21553432 3 1
21554424 2 1
21555446 4 1
21555627 1 1
21557345 3 1
21561223 5 1
21563233 2 0
21566275 5 1
21571732 3 1
21572175 2 1
21573275 3 1
21574241 4 1
21574667 4 1
21577565 5 0
21577643 3 1
21614621 1 1
21615213 3 1
21616327 6 1
21617322 5 1
21617755 6 1
21621735 5 0
21622357 5 1
21624111 5 1
21627222 5 1
21627256 2 1
21631615 1 1
21634321 3 1
21634324 4 1
21635513 2 -1
21635721 5 1
21636724 3 1
21641241 2 1
21641713 1 1
21642433 2 -1
21643417 4 -1
21645475 4 -1
21646632 4 1
21653561 3 1
21653626 5 -1
21654266 4 1
21655757 5 1
21656741 3 1
21661242 5 1
21665233 5 1
21666431 4 0
21666753 3 -1
21667676 6 -1
21671265 6 1
21672217 1 -1
21672575 5 1
21673435 2 1
21674165 3 1
21675437 2 1
21675714 2 0
21675767 7 1
21676675 2 -1
21677617 6 0
21711627 2 1
21711676 6 1
21712363 2 1
21712775 2 1
21713245 3 -1
21713546 2 0
21713635 2 1
21714252 1 1
21714524 2 1
21714563 3 1
21721245 4 -1
21721751 4 1
21722641 4 1
21724655 4 1
21724743 5 1
21733165 5 1
21733222 3 1
21744345 6 1
21745616 5 0
21745626 2 0
21745745 4 1
21747674 2 1
21752517 2 1
21753234 3 1
21754212 4 -1
21754364 4 -1
21754753 3 1
21756435 5 0
21757475 2 0
21761722 2 -1
21762245 4 1
21762526 5 1
21764356 3 -1
21765456 5 1
21765513 3 -1
21765642 4 1
21765672 5 0
21765734 2 0
21766544 4 1
21767125 4 1
21772514 2 1
21773643 3 1
21775314 2 1
21776557 5 1
22111345 3 1
22111734 4 -1
22115355 3 -1
22123315 1 1
22124415 1 1
22124657 4 1
22125374 3 -1
22125653 2 1
22126312 2 -1
22126345 4 -1
22127513 2 -1
22131756 5 1
22134127 4 1
22134341 4 1
22135236 2 0
22136753 2 -1
22141573 6 -1
22143575 3 -1
22144577 4 1
22144665 1 -1
22145135 3 -1
22145351 3 1
22146544 4 0
22152761 4 1
22153436 7 1
22154356 3 1
22155347 1 1
22157736 3 1
22161435 7 -1
22162437 5 -1
22164611 1 1
22166461 5 -1
22166715 4 1
22171466 4 -1
22171542 1 1
22173116 5 0
22173263 3 -1
22173451 3 -1
22174463 3 -1
22176644 4 -1
22213376 4 0
22214226 4 1
22215213 5 1
22216517 5 0
22223576 5 0
22224532 3 1
22225346 3 1
22235676 5 1
22236616 2 -1
22236645 4 0
22237531 3 1
22241655 4 -1
22244343 4 1
22244675 3 1
22246564 4 -1
22247537 4 0
22255354 6 1
22256566 5 -1
22261355 3 1
22266746 3 1
22267175 5 -1
22271352 3 1
22271635 1 -1
22273535 3 1
22276535 1 0
22276753 5 1
22313375 2 -1
22314461 3 1
22315454 2 -1
22316676 4 -1
22317547 4 -1
22317757 3 1
22322334 4 1
22324634 2 1
22332744 2 1
22334674 2 1
22335612 5 -1
22335655 3 1
22336274 3 -1
22337345 2 -1
22337762 4 1
22341441 3 -1
22342711 3 0
22345432 3 -1
22345716 3 0
22346532 3 1
22347175 2 -1
22351537 3 1
22352212 3 1
22354246 4 1
22354257 4 1
22355614 7 -1
22355725 4 1
22357633 1 1
22357641 5 -1
22361751 5 1
22362134 3 1
22365553 3 1
22366611 3 1
22367722 4 1
22371466 4 -1
22373677 4 1
22374172 3 1
22374766 2 1
22376125 1 -1
22411776 7 1
22413634 3 1
22414772 2 1
22415365 4 1
22416312 4 0
22417325 4 1
22426111 5 1
22427163 4 1
22431123 4 0
22431561 4 1
22434123 3 1
22435664 3 -1
22441361 3 -1
22442253 3 -1
22442756 4 1
22442771 1 -1
22443371 1 -1
22445417 5 -1
22447672 3 1
22451452 2 1
22452312 3 0
22452647 4 1
22453146 4 1
22453774 3 1
22454716 4 1
22455743 4 1
22456175 4 -1
22457251 5 -1
22465611 4 1
22466447 3 1
22472563 4 1
22473176 4 1
22475421 4 1
22475576 4 1
22476211 4 1
22477321 4 1
22512413 4 1
22514254 5 1
22514351 4 1
22514376 3 0
22514565 1 1
22521144 6 1
22521556 2 1
22523451 3 -1
22527415 4 -1
22531166 3 0
22531236 2 0
22531311 5 -1
22531461 3 0
22532271 4 1
22534176 3 0
22534631 3 1
22535221 3 1
22535245 7 -1
22535732 2 1
22536656 4 1
22537176 3 0
22537314 4 -1
22537421 4 1
22541232 2 -1
22541615 1 -1
22541766 4 -1
22544627 2 1
22545142 2 1
22545473 5 1
22545661 5 1
22546413 3 -1
22547412 4 -1
22551241 6 1
22551766 5 -1
22552642 4 1
22554176 4 1
22554241 4 1
22555733 3 1
22557314 3 -1
22561762 5 1
22562455 4 -1
22562723 2 1
22563112 2 1
22563361 5 1
22565747 5 1
22566646 4 1
22571666 3 1
22572314 1 1
22572622 4 1
22573431 3 1
22573512 2 1
22575156 3 1
22575722 4 1
22576573 3 -1
22577237 2 1
22612471 4 1
22613565 3 -1
22614374 3 1
22615356 4 1
22615415 4 0
22615714 4 0
22617537 3 -1
22621352 2 -1
22622514 4 -1
22623551 2 -1
22625516 4 1
22631225 3 1
22631645 3 -1
22633511 3 1
22635641 5 1
22637173 4 -1
22637535 3 1
22642314 3 -1
22642715 4 1
22643435 3 1
22643641 4 1
22646215 6 -1
22646763 5 1
22653344 5 -1
22653377 1 -1
22653527 1 0
22655146 5 0
22655374 6 1
22661135 3 1
22664526 4 -1
22665222 4 1
22665327 5 1
22666645 4 -1
22667673 2 -1
22672331 3 1
22672575 1 -1
22673132 3 1
22673346 2 1
22673433 3 -1
22673452 4 -1
22674773 4 0
22675425 4 0
22676331 3 1
22676356 3 -1
22676477 4 1
22676522 5 1
22676547 1 1
22715713 2 1
22717376 3 1
22717713 2 0
22721147 5 1
22721656 2 -1
22723654 3 -1
22726563 3 -1
22731133 3 -1
22732361 4 -1
22734147 5 1
22734226 4 1
22736541 4 1
22736562 3 -1
22736764 6 1
22741517 1 -1
22742547 4 1
22742747 4 1
22744656 4 1
22745147 4 1
22746735 4 0
22753434 3 1
22755144 4 -1
22756353 5 1
22763311 3 1
22763613 2 0
22763716 6 1
22764223 4 1
22764564 4 -1
22766423 5 -1
22766552 4 1
22767153 3 0
22767253 3 -1
22767537 4 1
22775741 1 1
22777361 4 1
22777522 5 0
22777665 4 1
23111371 2 -1
23112357 2 1
23112463 2 1
23112656 2 1
23113651 3 1
23116651 3 1
23117417 2 0
23117623 2 1
23123135 3 1
23123256 2 0
23123342 2 -1
23123453 3 1
23124412 1 -1
23131574 6 -1
23132146 2 1
23132657 2 0
23132717 1 1
23133524 6 1
23136132 1 -1
23141147 3 1
23141277 1 -1
23141433 4 -1
23141562 1 1
23144472 4 -1
23145576 3 -1
23146174 2 -1
23146725 2 1
23146756 4 0
23147545 6 0
23151767 5 1
23152433 6 -1
23153143 5 1
23153567 3 1
23153647 2 1
23153726 4 1
23154442 3 1
23161364 5 -1
23162245 3 1
23162324 5 1
23162522 4 1
23164467 2 0
23164637 2 1
23165521 5 0
23166122 6 1
23167621 4 0
23173125 2 1
23175432 2 1
23175666 5 -1
23176635 3 1
23177473 4 -1
23211151 3 1
23212331 1 1
23213646 2 1
23214121 1 1
23215124 3 1
23215756 2 1
23217266 4 1
23221121 4 1
23221476 5 -1
23221666 3 -1
23222166 3 1
23225151 3 1
23231167 2 1
23234754 2 1
23241165 5 1
23241173 2 1
23241275 6 -1
23241361 2 1
23242435 6 1
23242544 6 1
23243164 2 1
23243751 4 1
23244161 4 1
23244465 2 1
23245374 2 1
23245441 2 1
23247525 6 1
23251411 6 -1
23251451 6 1
23251726 4 1
23255324 6 1
23256774 2 1
23261163 3 1
23261432 5 1
23262176 3 1
23262442 5 1
23263471 5 1
23263547 2 1
23264421 4 1
23264576 2 1
23265314 2 1
23265434 2 1
23265566 2 1
23267124 5 1
23267423 5 1
23271117 2 1
23274561 2 1
23276347 3 1
23276372 3 -1
23313161 1 1
23313514 6 1
23316642 3 1
23317211 3 1
23317365 5 1
23317451 3 1
23317631 3 1
23324166 3 1
23324311 3 0
23324447 3 1
23325477 3 1
23326313 5 -1
23326711 3 1
23332114 2 1
23333761 2 0
23334663 1 -1
23335116 2 1
23335176 2 0
23335257 3 1
23337176 7 0
23341716 5 1
23344746 5 1
23345431 3 1
23346417 4 1
23347333 4 -1
23347643 5 0
23351236 4 1
23353613 4 1
23356257 6 1
23361174 5 0
23362263 2 -1
23362452 4 1
23362513 4 -1
23362744 2 1
23364174 4 1
23364741 2 1
23365123 2 1
23365417 2 1
23372214 4 1
23373275 3 1
23374235 3 1
23375336 2 1
23375617 5 1
23376516 3 1
23411637 4 1
23412753 3 1
23413222 3 1
23413511 2 1
23413545 2 1
23414767 4 1
23416341 4 1
23424576 6 1
23425164 3 1
23425656 5 1
23431325 3 -1
23431524 2 1
23431564 2 -1
23431741 4 1
23434175 4 1
23434677 4 1
23435771 3 1
23436211 4 0
23441252 3 -1
23441265 3 -1
23441423 1 -1
23441677 2 -1
23443771 4 1
23444377 3 1
23444464 3 -1
23451114 2 -1
23451416 1 -1
23452756 4 1
23454217 4 1
23456471 4 -1
23457621 2 1
23457625 2 1
23457774 4 1
23462171 6 1
23463112 3 1
23464322 3 1
23464416 6 -1
23466711 2 1
23467557 2 1
23472237 4 1
23473642 4 1
23475574 4 -1
23476157 2 1
23476435 4 1
23476527 4 1
23477362 4 -1
23511653 5 1
23512464 2 1
23512724 3 1
23513712 3 1
23515631 2 1
23515646 5 1
23516177 3 1
23516474 4 -1
23521716 5 1
23522171 3 1
23523376 1 -1
23523634 3 1
23523676 3 1
23525772 5 1
23526412 3 -1
23526746 4 -1
23527675 3 -1
23531214 5 1
23531227 1 -1
23531326 3 -1
23531656 5 0
23532161 3 1
23534115 3 -1
23535626 2 1
23536542 4 1
23537676 5 -1
23543536 3 1
23545236 6 1
23545367 3 1
23545655 4 1
23546511 4 -1
23547516 3 -1
23551466 4 -1
23552235 5 1
23556623 2 -1
23557271 2 -1
23561676 6 -1
23563432 3 1
23564374 5 -1
23564534 4 1
23564725 6 1
23565641 5 1
23565654 2 1
23566334 4 1
23566755 3 1
23567131 3 1
23567211 3 0
23571346 4 0
23571731 5 1
23572151 2 1
23572567 2 -1
23574566 4 -1
23575157 2 1
23576415 4 0
23577233 1 0
23613671 4 1
23613756 3 1
23615152 4 1
23626525 3 -1
23627766 5 1
23632762 6 1
23634177 6 1
23634251 4 1
23634265 3 -1
23635631 3 1
23637345 3 -1
23641416 1 -1
23643763 3 0
23646442 3 1
23647372 4 -1
23652675 2 -1
23653431 3 1
23653625 2 1
23654714 4 -1
23655554 3 1
23656151 3 1
23661314 3 -1
23661751 3 -1
23662115 2 1
23662313 3 -1
23662437 2 1
23662455 2 -1
23663433 2 1
23663624 2 1
23664124 4 0
23664752 4 -1
23666424 2 -1
23671616 1 -1
23672174 4 1
23673543 4 1
23674124 4 0
23675124 3 1
23675334 2 1
23675655 2 -1
23677446 2 1
23677571 3 1
23677616 3 -1
23677751 5 1
23711236 3 1
23711417 5 1
23711537 2 1
23712715 3 1
23713556 4 1
23714131 1 1
23714636 3 1
23715512 3 -1
23715531 4 1
23721371 1 -1
23721563 2 -1
23722612 3 -1
23723416 5 -1
23723441 4 1
23723525 3 1
23725374 4 -1
23725646 6 -1
23731613 3 -1
23732114 2 1
23733454 2 1
23733465 2 1
23734276 4 -1
23735516 5 -1
23736153 3 1
23737361 3 0
23741773 4 -1
23742661 5 1
23743114 4 -1
23743217 4 -1
23745272 4 -1
23751742 5 1
23753254 6 1
23753552 3 1
23754643 3 1
23757367 5 1
23761764 5 1
23762556 4 1
23763164 5 1
23764342 4 1
23765175 3 0
23765727 2 1
23767542 4 0
23767636 6 -1
23771351 3 1
23771412 1 -1
23774471 5 1
23776544 4 -1
23777745 3 1
24112761 2 1
24113422 2 -1
24113426 2 -1
24114155 4 0
24114267 4 1
24114477 4 0
24115277 4 0
24115637 3 1
24117276 5 -1
24117367 4 1
24121246 1 -1
24121456 1 -1
24122367 1 1
24122753 1 1
24126112 4 -1
24126633 4 -1
24126714 2 -1
24127231 4 -1
24131557 6 1
24132131 3 1
24132623 5 1
24133735 6 1
24134147 4 1
24134677 5 1
24137124 2 1
24137364 3 -1
24137735 6 1
24142574 4 -1
24143647 5 -1
24144131 1 -1
24147157 2 -1
24151723 6 1
24151735 6 -1
24152774 6 -1
24153763 4 0
24154115 6 -1
24154573 6 0
24155576 3 -1
24156273 3 0
24156444 5 -1
24156471 1 -1
24162461 2 0
24162652 4 1
24162713 5 1
24163465 7 -1
24164241 4 1
24164637 5 0
24165573 3 -1
24171753 2 1
24172354 2 1
24172365 2 1
24173656 4 0
24175575 4 -1
24175654 4 1
24176157 4 0
24176237 4 -1
24176775 4 0
24177117 4 -1
24211236 4 1
24212414 4 -1
24212431 3 1
24213426 3 1
24213664 2 1
24214525 3 1
24215551 2 1
24215674 2 1
24216535 3 1
24216737 4 1
24217415 2 0
24217777 2 -1
24221616 1 -1
24223516 7 -1
24223635 7 1
24224772 4 1
24226246 4 1
24226654 4 -1
24232731 1 1
24234161 4 1
24234364 2 0
24234565 2 1
24235247 5 1
24235353 3 1
24235413 2 1
24235546 2 1
24235556 6 1
24235626 3 1
24236774 2 1
24241273 4 -1
24243343 4 -1
24246716 4 -1
24247253 4 -1
24247714 4 -1
24251426 1 -1
24252543 6 1
24255157 6 1
24255474 4 -1
24256142 1 1
24257547 2 1
24257677 3 1
24263337 5 1
24264317 5 1
24265764 2 1
24266114 2 -1
24266426 3 1
24272554 6 1
24272771 4 1
24273571 6 1
24275113 2 1
24276314 2 1
24276573 2 1
24277527 6 1
24311765 2 1
24312722 3 1
24314122 2 1
24321412 2 -1
24323561 3 1
24323642 3 1
24327454 4 -1
24327534 3 1
24331616 4 -1
24331734 2 -1
24332416 2 -1
24332564 2 1
24332623 3 0
24332743 2 0
24335674 5 -1
24335725 2 1
24336526 2 0
24344625 7 1
24347615 4 -1
24351433 4 -1
24353116 7 0
24353476 3 1
24354414 2 -1
24354612 7 -1
24356135 2 1
24356451 4 1
24356747 3 1
24356755 3 1
24356757 3 1
24357333 4 -1
24357367 3 -1
24361117 5 -1
24361367 5 -1
24362214 4 -1
24362414 4 -1
24363214 3 1
24364165 7 1
24365444 2 -1
24367247 4 1
24367351 4 0
24367457 4 -1
24371524 6 -1
24373573 6 -1
24374372 4 1
24376134 3 1
24377256 4 0
24377522 6 -1
24377755 3 -1
24411537 6 1
24413372 4 1
24414223 3 1
24416562 4 1
24417357 3 1
24417727 2 1
24421316 5 -1
24421432 1 -1
24422564 4 1
24427134 4 -1
24427671 6 1
24431171 1 0
24432151 2 1
24432315 6 -1
24433742 3 1
24435176 3 1
24435674 4 1
24436134 3 1
24436476 4 0
24437473 4 -1
24441351 4 1
24441752 2 -1
24442334 1 -1
24442656 2 1
24443237 4 -1
24445242 2 1
24445413 2 -1
24445666 4 1
24445722 1 1
24446415 1 -1
24451227 6 1
24452777 6 1
24453147 6 1
24455311 6 1
24457327 6 1
24457461 4 1
24462125 1 -1
24462167 5 1
24464333 5 1
24466666 5 1
24467274 4 -1
24467327 5 1
24467531 3 1
24473322 3 1
24473654 5 1
24473745 6 1
24476645 4 1
24477241 2 1
24477257 4 1
24512374 2 1
24512567 5 1
24513723 2 1
24513753 5 1
24514254 2 0
24514762 4 1
24515351 2 1
24515437 4 1
24516455 4 -1
24516531 3 -1
24516717 2 0
24521547 4 1
24522566 4 -1
24523613 4 -1
24524455 4 0
24526161 4 1
24526541 4 1
24527136 4 0
24527617 4 -1
24527645 4 1
24527716 4 -1
24532325 3 1
24532654 2 1
24533262 3 1
24533523 2 -1
24534171 4 1
24534737 2 1
24536752 5 1
24542544 2 1
24544744 5 1
24545262 4 -1
24546743 5 1
24552612 4 1
24553323 2 -1
24555671 6 1
24557415 4 -1
24557723 2 1
24561557 6 1
24562535 2 -1
24562564 2 1
24562567 2 1
24562674 2 -1
24563325 2 -1
24563335 4 -1
24564722 5 1
24565126 2 1
24566371 4 1
24567321 3 1
24573343 3 0
24573741 3 1
24574163 5 1
24574215 4 1
24575137 5 1
24576434 4 -1
24577716 4 0
24611545 5 1
24611571 4 1
24612237 4 1
24612441 2 1
24612733 2 1
24615154 4 -1
24615544 4 0
24616752 4 1
24617566 4 1
24621547 4 1
24623153 4 -1
24623214 1 -1
24623321 4 0
24623674 2 -1
24624313 3 1
24625376 4 -1
24625435 3 -1
24626575 5 1
24627131 4 0
24627613 3 -1
24633256 3 1
24633471 4 1
24633576 3 1
24633661 3 1
24633764 4 1
24635115 4 1
24636312 4 -1
24641657 4 -1
24642264 4 -1
24642467 4 -1
24646144 2 1
24646152 1 -1
24647273 3 -1
24652114 2 1
24653246 4 1
24654351 3 1
24656315 5 1
24657421 2 1
24661731 4 0
24667747 4 1
24671635 3 1
24671746 2 1
24672157 3 1
24672355 2 1
24673154 1 -1
24673624 2 -1
24675457 5 1
24676466 4 -1
24712347 2 1
24713522 3 1
24715636 5 -1
24716352 5 1
24717547 2 1
24724313 2 0
24725754 5 -1
24726445 4 -1
24727563 3 1
24731241 4 1
24732456 2 1
24733144 4 0
24733775 6 0
24734755 4 1
24737743 3 1
24743152 1 -1
24743627 6 -1
24744212 1 -1
24744251 4 -1
24747415 4 -1
24747517 6 -1
24747663 5 -1
24751214 1 -1
24751763 2 1
24752647 3 1
24753232 3 1
24756426 2 -1
24757745 4 1
24761776 4 -1
24762275 3 -1
24762417 6 0
24765467 4 0
24766152 4 1
24773556 3 1
25111754 6 -1
25112216 4 1
25112366 5 1
25112377 2 1
25113266 3 1
25117262 4 0
25117414 6 -1
25117465 4 -1
25117516 4 1
25117524 2 1
25122446 1 -1
25124244 4 1
25125544 4 1
25126276 1 -1
25126632 2 1
25126752 4 1
25127525 5 -1
25132475 6 -1
25134157 3 1
25134417 1 1
25135157 5 1
25135237 4 1
25135267 3 1
25137562 3 -1
25141765 1 0
25143214 4 -1
25147123 6 1
25153236 3 1
25154373 3 -1
25157617 1 0
25161771 4 1
25162136 2 1
25163227 1 -1
25163531 3 1
25163613 1 1
25164166 4 1
25165431 7 1
25166116 4 1
25167445 3 -1
25167464 3 -1
25167467 3 0
25167674 3 -1
25174476 4 1
25174713 1 1
25175325 3 1
25175374 6 1
25176454 4 1
25176641 2 1
25177146 4 1
25213121 1 1
25214174 2 1
25215314 6 1
25216476 4 1
25217373 2 1
25217535 5 -1
25221377 2 -1
25224621 4 1
25225644 1 1
25226365 6 1
25226641 4 1
25231157 3 1
25231734 6 1
25232165 3 1
25232277 1 1
25234715 2 1
25235361 5 1
25237345 3 -1
25241314 6 -1
25242742 6 1
25243334 2 1
25243524 3 1
25244436 7 -1
25245377 6 1
25245477 4 1
25245547 6 -1
25246425 4 1
25246751 2 1
25247435 2 1
25251157 2 1
25252414 6 -1
25252716 4 1
25257116 2 -1
25257166 2 -1
25257534 5 -1
25261125 3 1
25261566 2 1
25263136 2 1
25263362 4 1
25263537 4 1
25263757 4 1
25264215 1 1
25264227 4 1
25265263 4 0
25267341 2 1
25271662 4 1
25272364 1 1
25272513 3 1
25273274 6 -1
25274514 2 1
25274567 2 1
25275672 4 1
25275767 7 1
25277174 6 1
25277616 4 1
25311717 4 1
25313513 2 -1
25314562 4 -1
25315375 2 -1
25322367 1 1
25323611 3 1
25324251 1 -1
25324664 3 1
25325337 4 1
25326624 4 0
25327364 4 -1
25327766 5 0
25331465 4 -1
25334356 4 1
25334636 3 1
25334753 3 1
25337263 2 -1
25337675 2 -1
25341424 4 -1
25341516 7 -1
25341567 3 -1
25343516 7 -1
25343563 6 -1
25344613 7 0
25345723 6 1
25346142 4 1
25346245 5 1
25347212 4 -1
25347452 4 -1
25347527 2 1
25347776 2 1
25352317 2 1
25354645 5 1
25356261 3 -1
25357341 3 -1
25357412 3 -1
25361134 7 1
25361664 7 -1
25364476 3 1
25366327 4 1
25366412 7 -1
25367452 4 1
25373136 4 1
25374354 2 1
25377512 2 -1
25411341 3 1
25412732 4 1
25413647 3 1
25414126 2 1
25414364 4 1
25414754 4 1
25415175 2 -1
25415641 4 1
25416753 4 1
25417153 2 1
25417611 4 1
25422155 1 0
25422437 3 1
25424377 4 1
25424623 3 1
25426547 3 1
25427763 4 1
25431175 4 0
25431571 4 0
25432611 2 1
25436246 4 1
25437723 3 1
25444135 2 -1
25444243 5 1
25446236 3 1
25452112 4 -1
25452616 2 1
25452635 5 1
25453271 3 -1
25454256 4 1
25454753 4 1
25455233 4 1
25462461 2 1
25463224 3 1
25463663 2 1
25465173 2 1
25466351 5 1
25467373 4 0
25467527 2 1
25471576 2 1
25475236 4 1
25475733 4 1
25476244 3 1
25477155 4 1
25477363 3 1
25511477 5 1
25511536 5 0
25511624 1 -1
25512737 3 1
25514262 5 0
25515356 4 1
25516141 1 0
25516233 1 -1
25516254 6 1
25517515 1 -1
25517665 5 -1
25521154 6 0
25521777 4 1
25526453 4 1
25526734 4 1
25527634 4 1
25531545 4 -1
25532712 4 1
25533453 6 1
25534567 3 1
25534743 3 1
25535231 3 1
25537651 4 1
25537665 4 -1
25541234 4 -1
25544161 3 1
25544452 3 -1
25545334 6 1
25545367 3 1
25546426 4 1
25546522 5 -1
25546727 2 1
25547137 3 1
25547367 3 1
25551264 1 -1
25551713 1 1
25552336 4 1
25552346 2 1
25557714 4 -1
25563177 3 1
25563736 4 1
25566137 4 1
25566426 1 -1
25567466 3 -1
25571523 3 1
25572147 5 1
25572274 6 -1
25574653 3 1
25575371 2 1
25576217 4 1
25577742 1 1
25611174 4 1
25612324 3 1
25615736 5 1
25616274 4 1
25617126 2 0
25617312 5 0
25622566 5 -1
25622723 2 1
25623261 3 -1
25623343 2 -1
25623726 1 0
25626275 5 -1
25626665 4 -1
25627277 1 -1
25631642 3 -1
25632544 4 -1
25633745 3 1
25634437 4 1
25634731 4 1
25635163 3 1
25635172 3 1
25635754 3 1
25636314 3 1
25636545 5 -1
25637125 2 -1
25641755 6 -1
25642511 2 1
25642654 4 1
25643474 4 -1
25644131 3 1
25644422 4 1
25645614 4 -1
25647261 4 1
25647362 5 1
25651136 3 1
25651246 4 1
25653433 6 -1
25653653 1 0
25653761 5 1
25654271 4 -1
25654412 4 -1
25655316 3 1
25656342 4 -1
25657466 5 -1
25661143 4 1
25662712 3 1
25663176 5 -1
25663377 5 0
25663752 5 1
25664746 1 1
25665623 5 1
25667117 5 0
25672723 3 1
25673157 3 1
25673435 3 1
25673462 3 1
25674642 1 1
25674676 1 0
25675756 2 1
25676147 2 1
25676346 3 1
25676532 5 1
25712334 6 1
25712561 2 -1
25712664 3 1
25715467 5 1
25715663 4 1
25715764 5 1
25716322 2 0
25716613 5 1
25717554 2 1
25722233 1 -1
25724412 2 -1
25725376 4 -1
25727264 4 -1
25727743 5 1
25731365 3 -1
25732221 3 1
25733524 6 -1
25734325 3 -1
25734354 3 1
25734715 4 -1
25735264 6 1
25735321 3 1
25735362 5 1
25737434 6 -1
25737753 3 1
25742177 2 1
25743351 3 1
25744561 5 1
25745712 5 -1
25746277 4 -1
25747135 3 -1
25752775 5 -1
25753434 3 1
25754145 5 -1
25761721 2 1
25762311 4 1
25762472 3 -1
25763666 4 1
25764123 2 1
25765617 3 1
25766647 3 1
25766675 4 -1
25771623 4 1
25772657 2 1
25774327 4 1
25776252 2 -1
25776652 5 1
25777445 4 0
26111237 5 0
26111642 2 1
26111765 4 1
26112735 1 -1
26115454 4 -1
26116335 4 1
26116752 4 1
26117344 2 -1
26122557 4 1
26125316 5 -1
26125357 1 1
26127464 5 -1
26131334 5 -1
26131552 4 1
26131665 4 -1
26132571 4 1
26132634 5 1
26132755 2 1
26135371 1 -1
26137646 6 -1
26141241 5 -1
26141373 5 -1
26141462 1 -1
26141632 4 -1
26144533 7 0
26145447 2 1
26147531 2 1
26153566 5 -1
26154177 4 1
26154517 1 1
26155722 4 1
26161242 1 1
26162313 1 1
26165232 2 1
26167313 1 -1
26167551 2 1
26171551 4 1
26171732 1 1
26172414 5 -1
26172431 5 -1
26172754 4 1
26173731 3 1
26175524 2 1
26176241 4 1
26177342 3 0
26213177 2 1
26214214 3 -1
26217424 4 1
26231214 5 -1
26233147 2 1
26234363 3 0
26234465 2 1
26235565 2 -1
26237536 4 -1
26241245 1 -1
26242476 3 -1
26242774 5 1
26245161 2 1
26245275 4 -1
26245327 3 1
26246371 5 1
26246773 5 1
26247232 4 -1
26254241 4 1
26254753 4 1
26256611 2 1
26263421 3 1
26265271 3 1
26266176 7 0
26272244 3 1
26273655 2 1
26273664 5 -1
26274215 4 1
26274715 2 1
26276556 4 1
26313241 3 1
26316147 4 1
26316235 3 1
26317561 3 1
26321463 4 -1
26323235 1 1
26323514 7 1
26325446 4 1
26325514 3 -1
26332277 4 1
26333314 2 -1
26336426 2 1
26336565 6 1
26341415 7 -1
26342416 2 -1
26344713 5 -1
26346531 7 1
26346724 5 -1
26347134 3 1
26347311 4 -1
26347541 3 1
26353526 2 1
26353543 2 1
26353611 3 1
26356521 2 1
26357141 2 0
26357372 4 -1
26361156 6 1
26361715 1 -1
26362325 1 1
26363517 1 -1
26363674 6 -1
26364146 6 1
26364336 6 1
26366537 4 1
26371733 5 0
26372724 5 1
26375511 3 1
26376771 4 1
26377162 4 1
26377441 5 0
26411166 4 1
26411433 4 1
26412235 4 1
26414616 6 1
26414732 4 1
26415216 5 1
26415627 2 1
26422337 3 1
26425271 4 1
26426474 3 1
26427354 3 -1
26431132 3 1
26431272 2 -1
26432352 2 -1
26432726 3 1
26433477 3 -1
26437152 3 0
26442727 1 1
26445221 4 1
26446411 2 1
26446727 3 1
26446743 2 1
26447323 2 -1
26447347 6 0
26453754 5 1
26455176 6 1
26455232 3 1
26456115 5 1
26456557 2 1
26457141 4 1
26461121 2 1
26463112 3 1
26464245 1 1
26465144 2 1
26465426 6 -1
26467527 2 1
26472351 2 1
26473274 2 1
26474531 3 1
26474547 1 1
26476245 1 1
26477634 2 1
26511214 5 0
26511341 3 1
26511674 5 0
26512111 2 1
26512311 2 1
26514772 4 1
26515332 2 1
26515671 2 1
26515764 4 1
26516226 3 1
26517672 5 0
26521716 4 -1
26524217 4 1
26524354 5 1
26525213 2 1
26525634 5 1
26526251 3 1
26531276 3 -1
26532775 2 1
26533447 5 1
26534376 3 -1
26534511 3 -1
26534537 3 1
26534612 1 -1
26534732 3 1
26535711 2 1
26537342 4 -1
26542112 4 1
26542115 2 1
26542327 3 1
26542646 6 1
26542731 2 1
26543474 4 -1
26544733 3 1
26545241 5 1
26545374 4 1
26551271 4 0
26554141 4 1
26556733 2 1
26557411 5 -1
26557617 6 -1
26562143 3 1
26562216 6 -1
26565345 6 -1
26571621 2 1
26573262 5 1
26575265 3 1
26577411 4 1
26611215 1 -1
26611233 3 0
26613463 4 0
26614226 3 1
26614256 4 1
26615431 3 1
26616531 3 1
26617576 2 -1
26617745 4 1
26622334 5 1
26623667 4 1
26624172 3 1
26625617 3 1
26627174 4 1
26627412 4 -1
26631417 5 1
26631754 2 1
26633323 4 -1
26634424 2 -1
26636211 3 0
26636212 3 -1
26636521 4 1
26637175 4 1
26641771 5 -1
26642454 4 -1
26644124 2 -1
26645446 4 1
26645645 4 1
26647546 3 1
26647734 4 0
26647737 6 1
26651137 1 -1
26651256 4 1
26652264 1 -1
26662515 2 1
26664235 3 1
26664745 1 1
26666175 2 1
26667274 4 1
26671742 4 1
26674667 3 1
26675214 4 1
26675351 5 1
26675714 2 1
26677145 4 1
26713735 2 1
26715365 5 1
26716445 3 1
26717534 3 1
26722571 5 -1
26723145 5 -1
26723353 5 -1
26726365 4 -1
26726641 3 1
26727346 2 -1
26732233 2 -1
26732334 5 1
26732745 3 1
26733357 3 0
26734652 6 -1
26735643 3 -1
26736613 2 -1
26741733 4 0
26742371 5 1
26743415 4 -1
26743732 3 1
26744233 4 1
26747263 5 -1
26751133 2 1
26751272 4 -1
26752227 3 1
26753716 3 1
26754552 6 1
26754736 3 1
26755144 4 0
26755731 3 1
26757752 5 1
26765314 5 0
26765522 4 -1
26765543 3 -1
26771323 2 1
26772315 4 1
26773433 6 -1
26774325 3 1
26775624 2 1
26775656 6 1
26777564 3 0
27111735 2 0
27113622 5 1
27116364 2 1
27122443 4 1
27123712 1 1
27123735 3 1
27124351 3 0
27126457 4 -1
27127314 1 0
27131732 2 1
27132275 3 1
27132644 2 1
27132674 5 1
27133165 5 1
27133227 3 1
27133361 1 -1
27133567 5 1
27135357 5 1
27136757 7 -1
27141227 1 1
27143121 2 0
27143134 3 1
27143632 5 0
27143646 5 0
27144143 4 1
27151623 4 1
27151716 4 1
27151723 1 1
27152166 3 1
27152374 6 1
27156323 2 1
27162641 2 1
27163656 6 1
27166264 5 -1
27166351 3 1
27167414 5 -1
27167547 2 1
27172744 7 1
27173527 7 0
27174417 7 1
27175527 7 0
27175654 2 1
27213746 2 1
27214354 2 1
27214555 2 1
27214627 3 1
27214771 2 1
27216511 6 1
27217613 2 1
27221651 5 1
27221764 4 1
27223566 1 1
27224267 3 1
27231376 2 1
27234243 3 1
27234721 3 1
27235531 2 1
27236511 3 1
27236612 3 -1
27237131 3 1
27237331 2 1
27241143 2 1
27241262 4 1
27244432 4 1
27245324 4 1
27245462 4 -1
27247331 4 1
27251612 4 1
27253417 6 -1
27254346 2 1
27254677 1 1
27263467 5 1
27263655 2 1
27266131 2 1
27267732 4 1
27272417 7 1
27272515 3 1
27274155 2 1
27274711 7 1
27275141 2 1
27311225 5 0
27313432 4 1
27313657 3 1
27316242 4 1
27321375 6 -1
27321434 4 -1
27323613 3 0
27324536 3 1
27324731 3 1
27325574 3 -1
27326347 2 1
27331653 3 0
27331663 5 -1
27332215 2 -1
27332242 2 1
27335274 4 -1
27335371 5 1
27336144 2 0
27336367 4 1
27336536 5 1
27337661 4 1
27344362 4 1
27344614 5 -1
27346151 6 1
27346165 3 1
27347653 4 0
27355444 6 1
27356564 5 1
27361457 2 1
27361725 1 -1
27362311 2 1
27362612 5 1
27363123 4 1
27365126 2 1
27366517 1 -1
27367575 4 1
27372442 1 1
27373333 4 1
27373354 4 -1
27373636 1 1
27374112 3 1
27374335 4 1
27374531 2 1
27374742 7 1
27376445 3 1
27377164 4 0
27377244 2 1
27377535 3 1
27412115 2 1
27412357 2 1
27412535 2 1
27413176 4 1
27413361 3 1
27415625 2 1
27416343 4 1
27416631 3 1
27417725 2 1
27421311 2 -1
27422615 2 1
27423661 4 1
27425121 4 1
27426667 3 1
27431664 2 0
27432156 2 1
27432167 5 1
27434333 4 1
27434736 4 1
27435152 2 1
27435445 2 1
27435621 2 1
27441354 3 -1
27441413 1 -1
27442527 1 1
27443374 2 1
27444667 3 1
27445242 5 1
27445351 5 1
27446725 1 0
27447433 2 1
27447734 2 1
27451462 4 1
27453743 4 1
27456461 4 0
27457153 2 1
27457334 4 1
27457537 4 1
27461561 4 1
27464455 2 0
27465374 4 1
27465377 4 1
27467353 4 -1
27471127 7 1
27473475 3 1
27473562 3 1
27475344 4 0
27476264 3 1
27476315 5 1
27511247 4 1
27511347 3 1
27511455 5 0
27511623 2 1
27514272 2 1
27514362 4 0
27514375 2 1
27517255 2 1
27517323 2 1
27522434 3 -1
27523532 3 1
27524641 4 1
27525366 2 1
27526366 3 -1
27534624 2 1
27534664 4 1
27535352 3 1
27536134 5 1
27536713 1 -1
27537474 4 1
27541617 2 0
27542716 4 1
27542751 2 1
27543652 4 1
27544772 4 1
27545746 5 1
27546557 4 1
27547311 5 1
27547553 3 1
27551311 3 1
27552133 2 1
27552245 4 1
27552512 2 -1
27553336 5 1
27553411 2 -1
27553636 3 1
27554311 2 0
27555126 1 1
27555511 2 0
27555667 5 1
27556534 4 -1
27557633 2 -1
27561244 4 1
27561331 5 1
27561543 3 0
27562317 2 1
27562411 2 1
27565136 5 1
27565271 4 1
27565542 4 1
27565647 5 1
27566414 2 -1
27566635 3 1
27566712 2 1
27567214 4 0
27573733 7 -1
27575213 3 1
27575663 5 1
27576141 4 1
27576562 5 1
27577252 2 1
27611123 2 1
27612317 2 1
27612371 2 1
27613466 4 1
27613614 4 0
27614573 5 1
27615146 5 1
27615572 5 1
27615742 5 1
27616411 4 1
27616756 3 1
27617544 4 -1
27622117 2 1
27623715 3 1
27624235 4 1
27624346 2 1
27627721 4 1
27631315 1 -1
27631672 3 -1
27633342 1 -1
27633714 3 1
27634522 4 1
27634531 4 1
27635461 5 1
27635572 3 -1
27643711 4 0
27644626 2 1
27645371 2 1
27646517 2 1
27647767 6 1
27651151 3 1
27652454 4 1
27653257 3 1
27653277 5 1
27654145 4 1
27662144 4 -1
27662231 4 1
27662664 4 1
27664314 3 -1
27664317 4 1
27665211 3 0
27665571 5 1
27671533 2 1
27674523 4 1
27676357 7 0
27676526 1 1
27677677 3 0
27712416 5 1
27713143 7 1
27713325 2 1
27713533 2 -1
27714241 4 1
27716547 4 1
27717216 4 1
27723653 5 1
27723722 4 1
27724451 4 1
27724656 5 1
27726161 5 1
27727314 3 0
27731146 2 1
27733461 3 1
27741332 3 1
27741447 2 -1
27743464 4 -1
27745162 4 0
27752172 7 1
27753227 4 1
27753337 4 1
27753417 6 -1
27757241 4 1
27763713 5 -1
27767334 5 1
27772261 3 1
27773432 3 1
27777611 4 1
31112575 3 -1
31114321 3 1
31115351 4 1
31116566 3 1
31117551 3 1
31121523 1 1
31122445 1 1
31123133 2 1
31125375 2 -1
31125537 3 1
31131263 1 -1
31131425 1 0
31131724 1 -1
31132661 2 -1
31134455 1 1
31135673 3 -1
31135712 1 1
31136275 5 0
31137634 4 1
31141126 3 -1
31143312 1 0
31144351 3 0
31145622 2 0
31151576 1 1
31151627 4 0
31152373 5 -1
31154251 3 1
31156467 3 1
31162112 4 1
31163131 2 1
31163157 3 1
31163222 3 1
31164427 3 1
31164475 4 -1
31165324 3 -1
31165457 4 1
31166214 1 1
31172235 3 1
31172262 2 0
31173252 3 1
31173264 4 1
31174355 1 1
31174517 4 1
31174727 7 1
31176447 3 1
31176452 2 1
31177432 3 1
31212444 2 -1
31213367 4 0
31215427 2 1
31216173 1 -1
31217236 3 1
31217565 1 -1
31221164 4 -1
31221636 3 1
31221673 3 1
31222275 1 -1
31223742 3 1
31226534 3 1
31227531 3 1
31227611 2 1
31231664 3 -1
31232373 3 -1
31232637 4 1
31233537 2 1
31235334 4 0
31241613 1 -1
31242724 3 1
31243665 7 1
31246266 4 1
31246341 4 1
31247563 4 0
31251213 1 -1
31251626 2 1
31251763 5 0
31251773 2 -1
31253221 3 1
31253717 2 1
31255373 1 -1
31255474 4 1
31262324 1 1
31263423 2 1
31263531 2 1
31264212 3 1
31264563 2 0
31265775 3 1
31267661 2 1
31267726 2 1
31271165 3 1
31271326 2 1
31272117 2 1
31272444 4 0
31272663 4 1
31273121 1 1
31273515 3 1
31273532 2 1
31274234 3 1
31274542 4 1
31275437 2 1
31276463 3 1
31314661 1 1
31317437 4 1
31321237 2 1
31321375 1 -1
31321763 2 1
31323457 2 1
31327721 3 1
31335156 2 1
31335427 2 -1
31335456 4 1
31337634 4 1
31344154 3 0
31345652 4 1
31345777 3 1
31347147 3 1
31347161 1 0
31351141 3 1
31354127 2 1
31354315 1 0
31355262 3 1
31355741 6 1
31356235 2 1
31356257 2 1
31356476 7 1
31357234 2 1
31361447 5 0
31362474 3 1
31362542 3 1
31365262 3 1
31367263 2 -1
31371227 3 1
31371322 2 -1
31372172 3 1
31372333 2 1
31372421 3 1
31372612 3 1
31374166 3 1
31374177 5 1
31374641 2 1
31375212 3 1
31375622 3 1
31411127 4 1
31411515 1 1
31413555 5 1
31414365 4 1
31414731 1 1
31416367 6 1
31421566 1 0
31421766 3 1
31423467 3 1
31423566 3 1
31423741 5 1
31425324 4 1
31426434 3 1
31427331 2 1
31431562 5 0
31432271 4 1
31434642 3 1
31436375 4 -1
31437224 4 0
31437341 5 1
31437553 3 1
31446376 4 -1
31451232 3 1
31451653 5 1
31452725 2 1
31452777 2 1
31453443 5 1
31453745 3 1
31454753 4 1
31455341 4 1
31463175 3 1
31463223 4 1
31463252 3 1
31464274 4 1
31465117 3 1
31465441 3 1
31471573 5 1
31471654 4 1
31472174 3 1
31472241 4 1
31472442 3 1
31473557 6 1
31473574 3 1
31474331 5 1
31474446 3 1
31475255 3 1
31475337 1 1
31475454 1 1
31511547 1 1
31515267 5 1
31516444 4 0
31516527 3 1
31517362 5 1
31517574 3 -1
31517657 2 1
31523642 3 1
31524241 4 1
31525463 5 1
31526772 5 1
31527326 3 1
31531762 5 1
31532725 2 1
31533762 5 1
31534271 4 1
31534457 1 1
31535576 3 -1
31536122 2 0
31542613 3 -1
31542627 2 1
31543417 3 1
31546424 4 -1
31546637 3 1
31547254 4 1
31547354 5 1
31552734 3 1
31553421 3 1
31555714 3 1
31556177 6 1
31556336 5 1
31557543 1 1
31561236 3 1
31561422 2 0
31562124 2 1
31564227 4 1
31565122 5 1
31566147 4 1
31571243 4 1
31571345 1 1
31571543 1 1
31573671 2 1
31573761 3 1
31575477 5 1
31576256 5 1
31576615 5 1
31577732 3 1
31613274 3 1
31622572 2 -1
31624624 2 1
31625447 3 1
31625451 4 1
31625475 4 -1
31625624 4 1
31625752 5 1
31626324 2 1
31626416 4 1
31626534 3 1
31627156 5 1
31631234 2 1
31631355 5 0
31636112 2 1
31637215 5 0
31641722 4 0
31642761 2 1
31643474 4 -1
31644436 3 0
31646572 5 1
31647433 3 -1
31651425 5 1
31651724 2 1
31652314 4 0
31652523 2 -1
31652774 2 1
31654132 3 1
31654422 3 -1
31654551 4 1
31654672 5 0
31655511 5 0
31656554 1 1
31657213 5 0
31657665 1 -1
31661127 2 1
31662751 5 1
31664625 4 -1
31666712 3 1
31671447 3 1
31671674 4 0
31672267 5 1
31676442 4 1
31676453 5 1
31677362 4 1
31677767 4 1
31711624 4 1
31712364 4 -1
31714227 3 1
31715123 1 0
31715362 5 1
31715562 5 1
31716775 3 1
31721412 1 0
31721553 3 1
31721734 3 1
31722575 3 1
31723375 5 0
31725426 4 1
31726355 6 0
31726554 6 1
31727532 3 1
31731626 3 -1
31731742 2 0
31732114 4 -1
31732316 3 -1
31732552 1 -1
31733525 3 -1
31733563 5 -1
31735166 3 1
31735556 6 1
31737474 1 -1
31737554 7 1
31742437 3 1
31742466 1 -1
31742524 2 1
31745122 4 0
31745247 3 1
31745657 5 1
31746241 6 1
31746412 4 -1
31747247 4 1
31751673 5 1
31753224 4 1
31753622 3 1
31754212 5 0
31755175 3 1
31755612 3 1
31756323 5 -1
31757326 2 -1
31761256 5 0
31764652 5 0
31765217 5 1
31767534 3 1
31771272 2 0
31771347 5 1
31772314 4 -1
31776124 4 0
31776713 4 1
32111474 2 -1
32112337 2 1
32112726 2 1
32115243 4 1
32115427 4 1
32121614 2 1
32125231 2 0
32126445 4 1
32127326 1 -1
32127443 4 1
32127476 3 -1
32131732 1 1
32134146 4 1
32134173 2 -1
32134471 2 -1
32137321 3 -1
32137516 1 -1
32141172 1 -1
32141516 7 1
32142376 3 1
32143257 2 1
32146676 1 -1
32151124 4 1
32151342 5 1
32151526 1 -1
32152173 5 0
32155323 3 -1
32155511 5 -1
32155652 1 1
32156575 5 -1
32157264 3 0
32161354 3 -1
32161461 3 1
32162471 4 1
32163127 3 1
32163374 4 1
32164337 2 1
32164635 2 1
32165336 5 -1
32166757 3 1
32172343 3 0
32173262 2 1
32174152 4 1
32176464 6 1
32176627 5 1
32213414 3 1
32215314 2 1
32215762 3 1
32217137 3 1
32217162 5 1
32217534 4 1
32221146 4 1
32223417 3 1
32224114 4 -1
32225341 2 1
32226557 3 1
32227143 2 1
32231513 5 -1
32237644 3 -1
32241431 3 1
32242616 2 1
32243176 3 1
32244137 3 1
32244516 7 1
32244632 3 1
32245177 2 1
32245355 3 1
32247632 3 1
32247657 2 1
32253542 3 1
32254336 6 1
32255374 2 1
32255537 3 1
32255676 6 1
32262161 2 1
32265512 6 -1
32265667 5 1
32266144 4 1
32266411 4 1
32271231 3 1
32272776 2 1
32277274 4 0
32277443 4 1
32312231 4 1
32313755 4 1
32315235 4 1
32322756 3 1
32324352 2 -1
32324375 2 -1
32325151 3 1
32325716 3 1
32326563 5 1
32327626 3 1
32331256 3 -1
32336756 2 1
32337546 2 -1
32341563 4 1
32342237 2 1
32342653 4 1
32343225 4 1
32345475 3 1
32345477 3 1
32346157 3 1
32347445 3 1
32351216 1 1
32351242 2 0
32352231 4 1
32352237 4 1
32354512 3 1
32354575 5 -1
32355473 3 1
32357432 4 1
32361457 3 1
32362264 3 1
32362475 4 1
32365231 2 1
32365714 3 1
32366241 3 1
32367561 3 1
32367744 3 1
32371665 4 1
32372127 3 1
32373412 4 1
32373425 6 1
32374732 5 1
32374764 3 1
32376556 2 1
32377236 2 1
32411772 7 1
32412647 3 1
32417436 3 1
32417441 3 1
32423523 2 0
32424356 4 1
32433662 4 -1
32435724 4 1
32437171 2 0
32437316 3 -1
32437453 2 -1
32437647 4 1
32441637 3 1
32442733 4 -1
32442757 4 1
32443725 3 1
32444464 3 1
32445156 4 1
32445612 3 -1
32446344 6 1
32446724 3 1
32447513 5 -1
32451561 4 0
32455276 4 1
32457574 2 -1
32461214 1 -1
32463121 3 1
32466374 1 -1
32467645 4 1
32473364 6 1
32473443 4 1
32474115 3 1
32475137 3 1
32511175 3 1
32512345 2 1
32512473 3 1
32512647 4 1
32514636 4 1
32515756 4 1
32516411 4 0
32521424 3 -1
32521671 3 -1
32521764 3 -1
32523161 3 1
32525151 4 1
32525427 2 1
32526263 2 -1
32527324 4 -1
32527442 2 1
32531753 5 1
32534132 2 1
32534651 3 1
32536361 6 1
32536362 6 1
32536375 6 -1
32537426 3 1
32537654 3 1
32537675 1 -1
32541736 3 1
32542564 6 -1
32543345 5 -1
32544631 2 1
32546475 3 -1
32556651 2 1
32557476 5 -1
32562357 5 1
32562621 5 1
32563674 3 1
32564273 2 -1
32565423 3 1
32566143 2 0
32566513 2 -1
32567113 5 -1
32567144 3 -1
32567674 3 1
32572433 4 1
32572577 1 -1
32572671 3 1
32573361 2 1
32573734 4 1
32574231 3 1
32575364 3 1
32575721 4 1
32576352 5 1
32577413 3 -1
32611555 1 0
32611736 3 1
32612167 5 1
32615627 3 1
32615775 5 1
32616357 6 1
32616577 6 1
32617312 3 1
32617322 3 1
32617556 3 1
32617613 4 0
32617676 6 0
32622234 3 1
32623521 3 1
32623765 3 1
32624573 5 -1
32626447 4 1
32627544 4 -1
32632165 2 1
32632321 2 1
32633566 5 1
32637474 3 -1
32641561 6 1
32642657 4 1
32642775 4 1
32644517 5 1
32644713 4 1
32645242 2 1
32645741 3 1
32646735 3 1
32647371 4 -1
32647532 6 1
32652656 2 1
32652777 5 1
32653142 3 1
32653172 3 1
32653374 6 1
32654634 3 1
32655717 3 1
32655737 2 1
32656315 2 -1
32656761 5 1
32657427 2 1
32657563 2 -1
32662413 2 -1
32662614 4 1
32663251 3 1
32664365 4 1
32671366 4 1
32673365 5 1
32675524 5 -1
32675577 3 1
32675667 5 1
32711457 2 1
32711525 2 1
32712351 3 1
32713641 4 1
32714134 4 1
32714637 4 1
32716144 3 1
32716315 5 0
32716463 4 1
32717776 2 0
32721436 2 1
32721665 3 -1
32722425 2 1
32723153 2 -1
32724435 4 1
32724715 5 0
32725466 4 -1
32726165 6 1
32726532 2 -1
32726614 2 -1
32726767 5 1
32732151 3 1
32735641 2 -1
32735772 5 0
32737251 6 -1
32737376 4 -1
32741375 5 -1
32741467 4 -1
32742143 4 1
32744244 1 1
32744767 4 1
32745456 4 1
32747165 2 1
32751237 3 1
32753314 4 0
32753371 5 0
32753571 3 1
32754412 5 -1
32754561 4 0
32757213 2 -1
32763413 4 1
32764625 5 1
32764635 3 1
32765436 3 1
32767642 2 -1
32771476 4 1
32772654 2 1
32773465 3 1
32774711 2 1
32775655 3 0
32776265 6 1
32776751 3 1
33116524 4 0
33117243 2 -1
33117772 2 -1
33121646 1 -1
33122447 3 1
33122555 3 -1
33125423 2 -1
33126175 1 -1
33126555 1 -1
33127247 1 -1
33131726 1 1
33132136 1 0
33132526 2 1
33134243 3 -1
33134741 4 1
33136631 4 1
33137227 3 -1
33143174 3 -1
33143217 2 1
33145655 1 -1
33145776 4 -1
33151237 5 1
33152122 3 1
33154561 4 1
33155376 5 1
33155446 7 0
33155671 3 1
33156542 4 -1
33161246 1 -1
33162472 4 -1
33164115 4 1
33167135 4 1
33167714 1 -1
33167756 6 -1
33171251 3 0
33171462 3 1
33171531 4 1
33171536 4 1
33171625 1 -1
33171661 4 1
33172624 5 -1
33172724 2 1
33174164 1 1
33174544 3 -1
33176577 4 1
33177553 4 1
33212546 2 1
33213753 5 1
33214164 2 0
33216423 2 -1
33217242 3 -1
33221573 3 -1
33222115 4 -1
33222515 5 0
33223474 2 -1
33225235 2 1
33231325 3 -1
33231472 1 -1
33233626 4 1
33234166 3 1
33241517 6 -1
33244531 3 1
33244642 4 1
33246173 4 -1
33246572 4 -1
33246614 3 -1
33247375 4 -1
33247743 3 -1
33252511 2 1
33254747 4 1
33257167 5 -1
33257663 3 -1
33261674 4 -1
33262547 2 1
33262557 4 1
33265554 4 -1
33266615 5 -1
33273131 3 1
33273635 4 1
33275562 3 0
33276723 4 1
33313153 4 1
33313673 2 1
33315171 1 0
33315226 2 1
33317675 5 1
33326451 2 1
33326664 4 1
33332714 2 -1
33337556 5 1
33341413 1 -1
33344171 4 1
33344236 2 1
33347165 5 1
33347634 3 1
33351265 1 -1
33361565 5 1
33361635 3 1
33362374 2 -1
33364167 4 1
33364255 4 -1
33364775 4 1
33366255 2 1
33372265 5 1
33372633 4 1
33373614 5 -1
33375516 2 -1
33376465 3 1
33411731 5 1
33411763 3 1
33412461 2 0
33413262 4 1
33416773 4 1
33417253 2 -1
33417515 4 -1
33417657 4 1
33421153 4 1
33423111 3 1
33424524 2 -1
33425657 6 1
33427411 2 -1
33427423 4 -1
33427457 5 1
33434652 4 0
33436126 3 1
33436513 3 -1
33451245 4 1
33451512 1 -1
33454414 3 -1
33454511 4 1
33454636 1 1
33465716 5 1
33466323 3 1
33467116 2 -1
33467353 3 -1
33471112 2 0
33475136 4 1
33475733 1 1
33476534 1 1
33476627 2 1
33512315 2 -1
33512726 2 1
33514354 1 1
33515412 5 1
33517614 4 -1
33522433 2 1
33522515 5 -1
33523245 4 1
33524553 3 0
33524734 2 1
33525143 5 1
33527624 3 1
33531751 4 1
33532537 5 0
33534214 2 -1
33534237 4 1
33535243 3 -1
33535462 3 1
33536656 5 1
33537641 3 -1
33541172 3 -1
33541267 3 -1
33547226 3 1
33551374 3 -1
33551462 6 -1
33552524 2 -1
33555167 3 1
33556736 5 1
33561633 4 -1
33562155 3 0
33562232 2 1
33564451 5 1
33566137 5 1
33566543 3 -1
33567743 3 -1
33567756 4 1
33572611 2 1
33573412 2 1
33573652 5 1
33575527 2 1
33575773 4 1
33576117 5 1
33577676 2 -1
33612557 5 1
33613155 5 1
33614274 4 0
33614335 5 1
33614564 4 1
33614573 4 -1
33614676 4 1
33615152 5 1
33616577 6 1
33617267 2 1
33617717 4 1
33624615 3 -1
33625624 3 -1
33626274 4 -1
33626652 3 1
33627232 2 1
33627677 4 0
33632614 3 -1
33634514 4 -1
33635112 3 1
33635463 3 -1
33635614 5 -1
33641771 6 1
33643641 4 1
33644236 4 1
33644544 3 1
33644556 4 1
33644677 4 1
33645212 4 -1
33645221 3 1
33645426 5 -1
33645526 4 -1
33651646 4 1
33653563 6 1
33653757 5 1
33654735 6 1
33662335 1 1
33662521 5 -1
33664177 4 1
33664227 4 1
33664236 4 1
33667141 4 1
33667714 4 -1
33672373 3 -1
33672466 4 1
33676236 2 1
33677165 6 1
33711217 1 0
33711425 3 0
33713157 4 1
33715425 2 -1
33717526 2 -1
33721243 1 -1
33721431 2 1
33724116 4 0
33725562 3 -1
33726524 3 1
33726535 1 -1
33726656 5 1
33731234 1 -1
33732475 4 -1
33733341 5 1
33734234 4 -1
33735446 4 1
33737423 3 -1
33741652 3 -1
33742234 2 -1
33742352 5 -1
33743324 1 -1
33744631 3 1
33745446 4 -1
33746246 4 1
33746576 5 -1
33751154 5 1
33752127 2 1
33752216 2 1
33753362 2 -1
33755242 3 1
33755357 3 1
33756474 5 -1
33761577 5 1
33761714 1 -1
33762412 4 -1
33763726 4 1
33764664 2 1
33765571 6 -1
33766265 4 1
33766547 1 1
33767521 2 -1
33771561 2 0
33771747 7 0
33772372 4 1
33772426 3 1
33775463 3 -1
33776576 5 0
33777361 3 -1
33777411 4 -1
34112627 5 -1
34115135 3 1
34115263 2 -1
34115643 4 1
34116546 4 1
34116777 4 0
34117356 4 -1
34123154 3 1
34123463 4 -1
34123627 5 1
34124135 2 1
34126237 3 1
34132617 5 -1
34132711 4 -1
34133776 5 -1
34134211 4 1
34134533 4 1
34134712 4 1
34135411 5 -1
34135442 5 -1
34136746 4 1
34137255 3 -1
34141563 4 -1
34142516 7 -1
34142733 4 -1
34143427 4 -1
34145617 4 -1
34146321 2 -1
34151612 7 1
34152343 3 0
34153245 2 1
34153377 5 1
34155377 3 1
34155661 7 1
34156621 4 0
34157227 4 1
34161272 1 1
34161475 4 -1
34161512 7 1
34162522 7 -1
34162744 5 -1
34163573 6 1
34166523 7 -1
34166634 3 1
34166645 7 1
34167666 4 -1
34171731 3 1
34173612 5 1
34173671 5 0
34176714 1 -1
34176762 1 1
34177564 4 1
34213175 2 1
34213615 7 0
34214354 4 0
34215261 4 0
34215354 5 1
34215634 3 1
34216433 4 -1
34216725 2 1
34217552 2 0
34224673 4 1
34225337 5 1
34225724 3 -1
34226661 4 0
34227625 4 1
34227673 4 -1
34231312 2 -1
34231667 5 -1
34232771 2 1
34235661 3 -1
34236117 4 0
34236746 4 1
34243375 4 -1
34243617 5 -1
34244313 3 -1
34244755 2 1
34245173 5 -1
34245276 3 -1
34245371 5 -1
34245645 3 1
34247616 1 -1
34251125 2 1
34251172 3 -1
34251634 7 -1
34251671 2 1
34251723 6 -1
34251774 6 -1
34252257 6 1
34253467 3 1
34254241 3 1
34254536 7 -1
34255562 2 -1
34257113 3 0
34257272 2 -1
34261632 3 1
34261714 5 -1
34261726 5 -1
34263751 2 1
34264463 4 -1
34265334 5 -1
34266442 3 1
34267574 4 -1
34271413 6 -1
34272146 5 1
34272661 5 1
34273446 5 1
34275713 3 0
34276571 2 1
34277226 5 -1
34312437 2 1
34312442 3 1
34313671 4 1
34314516 7 0
34315457 3 1
34316473 3 -1
34317617 3 1
34321544 2 1
34322214 3 -1
34322714 3 1
34323564 4 1
34324475 2 1
34327121 3 1
34327167 3 1
34327526 4 1
34334557 6 1
34335227 4 1
34341711 3 -1
34345773 4 -1
34351751 6 1
34352212 2 0
34353122 4 1
34353411 4 1
34354246 7 1
34356514 3 1
34357127 2 1
34357674 3 1
34357712 3 1
34361462 3 1
34361524 7 -1
34365121 3 1
34365265 3 1
34366117 5 1
34373124 2 1
34373141 1 1
34374222 3 1
34375367 3 -1
34377617 5 -1
34411153 3 0
34412175 4 1
34412363 3 0
34412514 4 0
34412552 4 1
34414233 1 1
34414256 3 1
34414277 3 1
34414534 3 1
34414657 3 1
34421517 6 1
34421644 5 1
34423231 6 1
34424126 3 1
34424371 3 1
34426173 4 1
34426274 4 -1
34427232 2 0
34427446 6 1
34427745 4 1
34432221 3 1
34432713 3 0
34432762 4 1
34434112 3 1
34437136 3 1
34441712 1 -1
34443662 6 0
34447622 4 0
34454366 4 1
34454712 6 1
34456751 6 1
34457574 5 -1
34461373 4 1
34461615 7 -1
34461664 6 1
34462176 4 1
34464253 6 1
34464563 7 1
34466633 6 1
34466713 5 -1
34467671 4 1
34471773 4 1
34472237 3 1
34473674 5 -1
34475675 4 1
34476436 3 0
34511522 2 -1
34511642 3 1
34512367 3 0
34512621 2 1
34512634 3 1
34512753 5 1
34513132 2 1
34513652 4 1
34514156 3 1
34514216 3 1
34514235 1 1
34514475 4 -1
34516112 5 1
34517323 5 -1
34517521 3 -1
34517655 4 0
34521576 5 -1
34525627 3 1
34526216 4 -1
34532726 3 1
34533152 3 1
34534557 3 1
34535774 5 1
34545573 4 -1
34546216 3 -1
34546317 4 -1
34556437 3 1
34556631 3 1
34556752 4 1
34562364 2 -1
34562611 5 -1
34562623 2 0
34562713 3 -1
34564742 3 1
34571461 4 -1
34573421 3 1
34573434 4 0
34574364 3 -1
34574452 3 0
34611517 1 1
34614637 3 1
34615142 5 1
34615454 4 -1
34615561 5 1
34616137 3 1
34616664 4 -1
34621146 2 1
34621613 3 -1
34622125 2 1
34622317 3 1
34622755 5 -1
34623756 3 1
34624313 6 -1
34625167 5 1
34625326 3 -1
34626272 2 -1
34626663 4 1
34631252 4 -1
34632361 6 -1
34632521 2 1
34633167 3 1
34633224 6 1
34634652 4 1
34635124 2 -1
34635233 6 1
34635654 5 1
34637126 4 -1
34637417 3 -1
34641253 2 -1
34642673 3 -1
34646137 3 1
34647531 3 1
34647647 3 -1
34651212 1 0
34651461 4 1
34651657 5 1
34654327 4 1
34655572 4 1
34656413 4 1
34656517 5 1
34662323 2 -1
34662527 3 1
34663173 4 -1
34664727 2 1
34665176 4 -1
34667217 1 -1
34667514 5 -1
34672716 4 0
34674553 4 1
34675357 3 1
34675674 3 -1
34711247 3 1
34713323 2 -1
34713344 4 0
34714166 4 1
34714426 4 0
34714552 4 1
34715244 3 0
34722123 2 1
34722257 5 1
34723156 3 1
34724525 3 1
34724633 4 1
34725123 3 1
34725154 4 1
34725173 2 -1
34725275 2 -1
34727323 2 -1
34727365 5 1
34727516 4 1
34731173 7 -1
34734136 3 1
34734544 1 1
34735215 3 -1
34735764 3 -1
34735771 5 -1
34736521 4 0
34736756 4 -1
34743234 4 -1
34747115 4 1
34747265 4 -1
34747365 5 -1
34751423 1 -1
34751527 4 -1
34752224 5 -1
34754616 4 1
34755123 3 1
34755542 4 1
34755762 4 1
34756112 2 1
34756257 4 1
34757315 4 -1
34757634 3 1
34762124 2 1
34762511 2 1
34763722 3 1
34763775 3 1
34764723 3 1
34766263 3 1
34772514 4 -1
34772532 3 1
34773351 5 0
34774411 4 0
34776567 6 1
34776621 4 0
34776745 4 1
34777356 3 -1
34777616 4 -1
35111176 2 1
35112576 5 1
35113521 3 1
35114531 3 1
35114672 4 1
35115425 3 1
35116161 1 1
35117617 4 1
35121525 5 -1
35122175 1 -1
35123161 1 1
35124462 3 -1
35125546 3 1
35126175 1 -1
35126224 2 1
35126323 2 -1
35126613 1 -1
35126616 1 -1
35127116 3 1
35133653 5 1
35134224 3 1
35134255 3 0
35134257 5 1
35135327 3 1
35135777 4 1
35136156 5 1
35137264 4 -1
35142437 6 -1
35143475 3 1
35144165 5 1
35144531 3 1
35145434 4 -1
35146124 4 -1
35146132 3 1
35147125 3 -1
35147267 3 1
35147461 4 -1
35151172 1 -1
35152534 5 1
35153126 3 1
35153432 1 1
35153675 5 1
35162756 1 -1
35166235 3 1
35166612 1 0
35166624 7 -1
35171326 1 -1
35171764 6 1
35172357 2 1
35173247 2 1
35173427 6 0
35173522 3 1
35174152 2 1
35174716 1 1
35175357 4 1
35175437 6 1
35176214 1 1
35176224 4 1
35176273 5 -1
35177316 4 1
35177366 4 -1
35211562 1 -1
35211765 1 -1
35212635 2 1
35215341 3 -1
35215471 3 1
35216266 5 -1
35216363 2 -1
35216475 5 0
35216736 3 1
35217776 3 1
35221332 3 1
35222421 2 0
35225161 3 1
35226347 4 1
35227521 1 -1
35231535 5 -1
35231571 5 0
35231776 1 -1
35232644 2 1
35233266 5 1
35233434 2 1
35234241 4 1
35237457 5 1
35241142 4 1
35241275 3 -1
35243517 6 -1
35243635 7 1
35243732 6 1
35245537 6 1
35246172 4 0
35247313 4 -1
35247351 3 1
35247416 4 -1
35247746 3 1
35251614 7 -1
35251757 6 1
35252466 3 -1
35252552 3 1
35261374 4 0
35261426 7 -1
35262127 4 1
35265623 4 1
35266343 3 1
35266424 7 0
35266466 7 1
35271167 3 1
35271374 6 -1
35271532 3 1
35272172 3 1
35272715 2 1
35272743 2 1
35274361 3 0
35275122 3 1
35275231 3 1
35275477 6 1
35275676 4 1
35277144 4 -1
35311467 6 1
35312537 2 1
35312663 6 1
35315256 2 1
35316433 6 1
35321557 3 1
35323446 7 1
35324273 2 -1
35325575 3 0
35325632 4 1
35326113 5 1
35335747 4 1
35336227 5 1
35337611 2 1
35341424 4 -1
35342121 2 1
35343266 2 1
35346364 4 1
35347466 3 1
35351437 6 1
35352175 5 1
35353744 1 1
35354452 3 1
35356216 3 1
35361154 7 1
35362324 7 -1
35364224 3 1
35367226 5 1
35372657 4 1
35374547 1 1
35375411 6 1
35376625 1 1
35413162 3 1
35413422 3 1
35414472 4 -1
35416377 4 0
35416474 5 -1
35416531 3 1
35417472 4 -1
35417725 2 -1
35422537 3 1
35422652 4 1
35422714 4 1
35423415 3 1
35424111 1 1
35426157 4 1
35426276 4 -1
35431632 2 1
35433465 6 -1
35433556 4 1
35434315 4 1
35435137 3 1
35435141 4 1
35435313 3 -1
35435661 5 1
35437762 3 -1
35441672 4 -1
35444362 5 1
35444743 5 1
35445134 3 -1
35445267 4 1
35446223 3 -1
35447156 4 1
35453351 5 1
35463154 3 1
35464627 4 1
35465341 4 1
35465632 3 1
35472522 3 1
35472564 3 1
35472637 3 1
35473246 5 1
35475145 4 1
35475771 3 1
35476677 4 1
35477167 4 1
35477514 3 1
35511422 5 1
35511761 3 1
35512636 3 1
35513414 3 1
35513571 3 1
35514746 6 1
35516444 2 0
35516722 3 1
35521224 2 1
35521245 1 -1
35521537 2 1
35523653 2 1
35527673 2 1
35527775 3 1
35531611 4 1
35532426 7 1
35532615 3 -1
35534436 5 1
35536314 3 1
35537112 3 1
35541535 1 -1
35542254 5 1
35543177 3 1
35543313 4 0
35543546 7 1
35546577 5 1
35546653 2 1
35552766 3 1
35553222 3 1
35556447 6 1
35562651 2 1
35563136 5 1
35564147 6 1
35566171 3 1
35566473 4 1
35567561 3 1
35571161 2 1
35571313 1 1
35572356 4 1
35572761 3 1
35574237 3 1
35574531 5 1
35576556 3 1
35577125 1 -1
35611546 4 -1
35611726 3 1
35612174 3 1
35612566 2 -1
35612764 3 1
35613121 1 1
35614225 5 1
35614677 4 0
35617212 5 1
35622362 6 1
35622466 4 1
35622724 4 1
35623415 3 1
35623545 5 -1
35624261 4 1
35624734 3 1
35625111 5 1
35625131 1 1
35626355 3 -1
35626435 3 1
35627123 3 1
35633442 4 1
35636241 2 1
35637112 5 0
35641545 5 -1
35643152 4 1
35644676 6 1
35646376 5 -1
35646434 4 -1
35647136 7 1
35651656 6 1
35651766 3 1
35652136 3 1
35652357 4 1
35653143 5 0
35654135 5 1
35654264 4 -1
35654313 4 -1
35655221 4 1
35655344 6 -1
35656734 5 1
35657162 6 0
35657736 3 -1
35657766 3 -1
35662144 5 -1
35663376 3 -1
35663731 5 1
35663742 3 1
35664113 3 -1
35667231 3 1
35667422 4 -1
35673143 4 1
35674561 5 1
35674563 3 1
35674663 1 1
35675547 1 1
35676653 5 1
35677154 4 1
35711612 1 1
35711631 3 1
35712153 2 0
35712267 3 -1
35714162 3 1
35714532 3 1
35715274 2 1
35715434 3 1
35715476 4 1
35717146 6 1
35721324 3 1
35721664 4 1
35722525 5 -1
35723147 3 1
35724455 2 -1
35726161 6 1
35726371 5 0
35732146 3 0
35734336 4 1
35735141 5 1
35736142 5 0
35741167 6 1
35741276 4 1
35741354 3 -1
35741531 3 1
35742442 3 1
35742514 4 -1
35743563 5 0
35744132 2 1
35744171 4 1
35746272 3 1
35746512 4 0
35746516 4 -1
35747546 5 1
35751144 3 1
35751233 2 -1
35751622 5 1
35752514 5 -1
35753641 3 1
35755136 2 1
35756413 4 -1
35757374 4 0
35757657 3 1
35761134 3 1
35762666 4 1
35762671 5 -1
35767353 5 1
35773217 3 1
36111443 4 0
36112757 3 1
36115674 3 -1
36116267 4 1
36121247 2 0
36121274 1 1
36125337 5 -1
36125476 3 -1
36127124 4 1
36131112 1 -1
36135641 4 1
36135753 5 1
36136143 3 1
36137262 1 -1
36142113 4 -1
36142456 4 -1
36142466 4 -1
36142727 5 1
36145122 3 0
36145376 5 -1
36145524 3 -1
36145621 5 -1
36151355 1 -1
36152255 2 -1
36152463 7 -1
36153376 2 1
36156351 5 1
36156725 1 -1
36157223 2 -1
36161143 4 1
36162256 6 1
36162535 3 1
36162731 3 1
36165773 6 -1
36172443 5 -1
36172464 5 -1
36177424 5 -1
36211145 3 1
36211422 4 1
36212143 2 1
36212164 2 1
36212244 2 1
36212754 2 1
36213635 2 1
36213654 4 1
36214521 2 1
36217451 2 0
36217571 3 1
36222354 4 0
36225125 3 1
36225362 5 1
36231424 2 -1
36232244 2 1
36232517 1 -1
36232621 4 1
36233133 4 1
36236453 2 -1
36237117 3 0
36237346 2 1
36237547 3 1
36237645 3 1
36237722 4 1
36237752 5 1
36241213 2 -1
36243413 4 -1
36244656 6 1
36245275 4 -1
36247145 3 1
36251115 3 -1
36251162 7 1
36251477 4 1
36252316 2 1
36252673 1 1
36253136 2 1
36253364 7 1
36254114 4 -1
36254143 3 1
36255125 3 1
36255362 3 1
36257132 3 1
36261334 4 0
36261627 6 -1
36262445 7 1
36262452 4 1
36263611 6 1
36266115 4 0
36267111 3 1
36267137 4 1
36267545 4 1
36267657 6 1
36267763 4 1
36271324 5 -1
36272175 4 1
36275224 4 1
36276162 4 1
36276217 3 1
36276632 4 1
36276732 4 1
36277162 4 1
36314233 1 1
36315531 2 1
36315652 3 1
36316413 6 0
36317545 3 1
36321424 3 1
36321446 1 1
36324736 2 1
36324753 3 0
36325644 3 -1
36325676 6 -1
36327527 3 1
36334251 4 0
36334375 4 1
36334456 5 0
36334524 4 1
36336257 5 1
36336271 2 -1
36342425 7 -1
36343525 7 1
36345456 3 1
36346627 5 1
36351164 7 1
36351523 5 -1
36351644 3 1
36352117 4 0
36353177 6 1
36354111 4 1
36354612 2 1
36356244 3 1
36357162 3 1
36361345 4 1
36362515 3 1
36362526 6 1
36363527 4 1
36363652 6 1
36364654 6 -1
36366316 3 -1
36366723 4 1
36367217 3 1
36367447 3 1
36372255 3 1
36372371 4 0
36373541 4 1
36374541 3 1
36414553 4 1
36415112 2 1
36415277 5 1
36416612 4 1
36416717 4 1
36417737 3 1
36422651 4 1
36423176 3 1
36425153 3 1
36425526 5 -1
36426241 2 1
36426352 3 -1
36426411 2 1
36427115 5 1
36431416 1 1
36434756 4 1
36435646 6 1
36437521 3 0
36441537 3 1
36442562 3 1
36445675 1 -1
36447613 1 -1
36451352 5 1
36452523 2 1
36453712 2 1
36455225 3 1
36456655 3 1
36462574 3 1
36463617 6 1
36464173 4 1
36464421 2 1
36465274 5 -1
36466127 2 1
36467513 4 1
36467757 4 1
36471312 1 1
36471751 4 1
36472243 2 1
36473175 3 1
36474615 4 1
36475215 3 -1
36475346 4 1
36475632 3 1
36476223 3 1
36476625 4 1
36476727 7 1
36512773 5 1
36514366 4 1
36514742 3 1
36517457 5 1
36521637 3 0
36522755 3 1
36523652 3 1
36524117 2 1
36525752 3 1
36526245 3 -1
36527713 2 -1
36532317 3 0
36532374 2 -1
36533132 2 1
36533533 2 1
36533661 2 1
36533757 2 1
36534224 3 -1
36534654 5 1
36534772 5 -1
36537377 3 -1
36544613 4 1
36546135 3 1
36546256 4 1
36546423 2 -1
36546467 4 1
36546571 5 1
36547156 5 1
36553232 2 1
36554116 3 1
36561472 3 -1
36561541 4 1
36562726 6 1
36563117 3 1
36564256 6 -1
36565544 4 1
36565727 5 1
36566263 1 -1
36566565 2 -1
36571765 5 1
36573743 4 1
36575713 2 1
36577421 2 1
36611136 1 1
36612156 5 1
36613251 3 1
36614431 2 1
36615263 2 0
36615276 1 -1
36621317 3 1
36621342 1 -1
36621652 1 -1
36622614 4 1
36622714 5 1
36625273 2 -1
36625562 3 -1
36627157 3 1
36627627 2 1
36631276 2 -1
36636554 7 1
36642541 7 1
36642753 3 1
36645743 5 1
36647233 3 1
36652572 1 1
36654527 6 1
36656117 4 1
36656667 4 1
36661774 5 -1
36662416 2 -1
36663755 3 1
36667216 1 -1
36667525 5 1
36672576 4 1
36672675 4 1
36673273 1 -1
36674327 2 1
36675461 4 1
36675627 5 1
36676464 5 1
36676771 4 1
36677443 5 1
36677673 4 1
36712556 6 1
36713532 4 1
36722563 3 1
36722633 7 -1
36723167 3 1
36723517 3 1
36723576 3 1
36724335 2 1
36724711 4 1
36725612 3 -1
36725616 6 -1
36727411 4 1
36727464 4 1
36732472 4 -1
36735432 2 1
36736261 2 1
36736421 4 0
36736465 5 1
36736645 1 1
36737332 1 -1
36737352 5 -1
36737422 4 -1
36737475 4 1
36737623 4 1
36741347 4 1
36741517 5 1
36742626 6 -1
36742716 4 -1
36742717 4 -1
36743561 5 1
36744662 4 1
36746537 4 1
36747164 4 1
36747234 3 1
36751551 2 1
36753423 4 1
36753446 3 1
36754726 3 1
36756756 1 0
36757417 4 0
36761147 3 1
36762116 6 0
36762417 4 -1
36763243 7 -1
36763524 2 1
36765114 5 0
36766216 3 -1
36766614 4 -1
36767537 3 1
36775142 5 1
36775213 2 -1
36776541 3 1
36777645 4 1
37111655 3 1
37112732 3 1
37113264 3 1
37113413 4 -1
37113447 3 1
37113726 3 1
37115165 3 1
37117656 3 1
37121237 3 1
37121441 2 1
37121562 1 0
37124112 3 1
37124664 4 1
37124666 4 1
37124676 3 0
37125445 4 1
37125552 6 1
37125661 3 1
37125764 3 0
37131446 5 -1
37132253 3 0
37134266 4 1
37136165 3 1
37143517 6 0
37143716 5 -1
37144651 5 1
37145272 3 0
37145476 4 -1
37146126 4 0
37146243 4 1
37151646 1 1
37152472 6 -1
37152656 1 -1
37154541 4 1
37155542 3 1
37155756 4 1
37156321 2 1
37156332 5 1
37156614 4 0
37162114 5 -1
37162414 5 -1
37162733 5 0
37163676 6 -1
37164353 4 0
37165116 5 1
37165714 1 0
37166454 4 1
37167512 4 -1
37171436 5 -1
37172265 3 1
37175734 7 -1
37176753 7 -1
37211746 2 1
37214341 4 1
37214417 3 1
37214463 2 0
37214732 3 1
37221216 1 1
37225217 2 1
37226476 4 -1
37227632 4 1
37235236 2 1
37235431 4 1
37236173 3 -1
37236236 4 1
37236732 4 1
37237267 4 1
37241446 5 -1
37247146 5 0
37247315 6 -1
37247347 3 1
37247517 6 -1
37251377 6 0
37251726 1 -1
37253162 3 1
37254446 3 1
37255137 6 1
37255523 2 1
37256737 7 1
37261513 1 -1
37262431 5 1
37263766 4 1
37264272 2 1
37264726 2 1
37271764 7 -1
37272172 3 1
37274566 3 1
37277174 2 1
37277332 4 1
37311122 2 1
37312521 2 1
37313417 2 1
37315577 4 1
37316615 1 1
37317245 3 1
37317421 3 1
37317666 4 1
37321143 4 1
37321236 2 1
37322626 3 1
37324167 3 1
37324175 3 1
37324643 4 1
37325524 3 1
37326513 5 1
37327123 5 1
37327616 3 1
37332747 7 1
37333411 4 -1
37335412 4 0
37336417 4 -1
37341165 3 1
37346645 4 1
37347614 5 -1
37353162 4 1
37361616 6 -1
37362136 4 1
37362443 5 0
37364561 3 1
37365521 3 1
37365744 3 1
37366511 4 1
37372674 5 1
37373262 4 1
37376232 4 1
37412311 3 1
37412765 6 1
37413131 1 1
37413474 5 1
37414561 4 1
37414576 4 1
37415414 1 1
37415656 5 1
37416321 3 1
37416552 4 1
37417571 7 1
37417632 2 1
37421265 1 -1
37422721 2 1
37422733 4 1
37423642 3 1
37424341 5 1
37426126 3 1
37426713 4 1
37431453 1 1
37432563 3 1
37433613 4 1
37434264 3 -1
37436263 6 1
37436445 5 1
37436511 4 1
37437445 3 1
37437534 1 1
37437677 2 1
37445117 1 1
37445752 5 1
37446431 3 1
37446631 3 1
37451214 1 1
37451242 4 1
37451267 5 1
37453712 2 1
37454512 4 1
37455157 5 1
37455544 2 1
37456133 4 1
37457614 4 1
37463244 4 1
37464214 4 -1
37465256 5 1
37465261 4 1
37466451 3 1
37466723 2 1
37471533 4 1
37473537 7 1
37474473 2 1
37474751 7 1
37476541 4 1
37477547 1 1
37477561 3 1
37513364 4 1
37514156 5 1
37514516 3 1
37515372 4 1
37516333 5 1
37517124 2 1
37517644 4 1
37522473 3 1
37523113 2 1
37523663 5 1
37524514 3 1
37525146 4 1
37525324 5 1
37525427 3 1
37525674 4 1
37531737 7 0
37534314 1 1
37534716 4 1
37535143 1 1
37535166 5 1
37536115 6 1
37541215 1 -1
37542163 3 0
37542643 3 1
37542666 4 1
37543126 2 1
37543374 4 -1
37543452 4 1
37551612 6 -1
37552327 2 1
37553234 4 1
37553572 3 -1
37553663 2 0
37555616 3 0
37556517 5 -1
37557267 3 1
37561265 3 1
37561452 4 1
37562772 3 1
37564216 3 -1
37564432 3 1
37564637 3 1
37564667 5 1
37567234 3 1
37571227 7 1
37572412 3 -1
37573574 3 0
37574647 7 1
37577333 4 1
37577356 2 1
37612311 3 1
37612665 3 1
37614147 4 1
37616115 5 1
37617113 4 1
37622464 4 1
37623753 5 1
37624141 4 1
37626157 6 1
37626174 4 1
37626554 4 1
37626743 6 1
37627675 3 1
37632542 4 1
37632755 3 0
37633213 5 1
37634211 4 1
37636712 4 1
37641324 3 -1
37642174 4 -1
37643124 3 1
37643664 3 0
37644227 1 1
37644313 6 -1
37644375 5 1
37644767 7 0
37645341 4 1
37651344 4 1
37654245 4 1
37654645 4 1
37655356 2 1
37657372 5 1
37661322 2 1
37661471 4 0
37662341 4 1
37662717 7 0
37664216 3 1
37664613 1 1
37665233 2 1
37665734 3 0
37671354 5 -1
37672211 2 1
37672436 3 0
37673463 6 1
37675435 3 1
37675614 4 0
37676553 5 1
37676733 7 0
37676752 7 1
37677413 3 -1
37711164 6 1
37711332 1 1
37712116 4 1
37713366 4 1
37713743 5 1
37714352 4 1
37715227 4 1
37715522 3 1
37716647 3 1
37721153 2 -1
37721523 2 -1
37721725 4 1
37722153 3 1
37723246 3 1
37724267 6 1
37725247 4 1
37725753 4 1
37726131 3 1
37726361 4 1
37726546 3 0
37732654 4 0
37733265 5 1
37733511 4 1
37734372 4 1
37736217 4 1
37743367 3 -1
37751626 1 -1
37754753 4 1
37756414 4 1
37757322 4 0
37761517 4 1
37764636 6 1
37766764 5 1
37771121 3 1
37773144 5 1
37774614 3 1
41111337 4 1
41113223 3 1
41113537 4 1
41121467 1 1
41122236 4 1
41122625 1 1
41124666 4 1
41125416 1 -1
41125454 6 1
41126322 4 1
41127246 6 1
41131575 1 1
41132253 2 -1
41133627 4 1
41135356 3 1
41135532 4 1
41135657 4 1
41135671 3 1
41142547 4 1
41144533 5 1
41147572 4 1
41147612 1 0
41151532 1 1
41152273 5 0
41155631 4 1
41157551 4 1
41161651 2 0
41164222 2 1
41164417 1 0
41164614 1 1
41165314 1 -1
41165352 4 1
41165637 3 1
41166441 4 1
41166754 2 1
41167314 1 1
41173365 6 1
41174163 3 1
41174445 4 1
41175242 3 1
41175527 2 1
41176226 5 1
41177562 6 1
41213272 3 1
41213575 2 -1
41213627 2 1
41215452 5 1
41221371 4 1
41222633 4 1
41223621 3 1
41224515 4 1
41224517 4 1
41226673 4 1
41227336 3 1
41227342 4 1
41231341 3 1
41232434 2 -1
41232663 2 1
41233547 2 1
41234471 4 1
41234552 4 1
41234556 3 1
41236542 4 1
41241147 4 1
41242216 3 -1
41244435 5 -1
41244776 3 1
41245655 2 1
41245715 2 1
41245753 5 1
41252327 3 1
41252764 2 1
41253416 4 -1
41256735 4 0
41257172 4 -1
41263642 4 1
41266526 2 1
41266562 4 1
41266721 2 1
41267537 3 1
41272142 4 1
41272655 2 1
41274637 4 1
41276331 3 1
41276475 4 -1
41277257 4 1
41277445 4 1
41277556 4 1
41312233 1 0
41313674 2 1
41316444 1 1
41317552 3 1
41321515 1 1
41323642 3 1
41324346 3 1
41324565 4 1
41325154 5 1
41325641 3 1
41327326 3 1
41331617 1 1
41331677 2 0
41331755 1 1
41331766 4 1
41332226 4 1
41332732 4 1
41333467 3 1
41334267 4 1
41334752 4 1
41337432 1 -1
41337655 4 1
41341252 4 1
41341575 4 -1
41341654 4 -1
41341665 4 1
41343573 4 -1
41343765 3 1
41345673 5 1
41345714 1 1
41346234 3 1
41346715 5 -1
41347765 3 -1
41351225 4 1
41351326 3 -1
41351732 3 1
41352363 4 -1
41354122 4 1
41354217 3 1
41354533 4 1
41356114 4 1
41356356 3 0
41356575 5 -1
41356577 4 0
41363154 3 1
41366775 4 1
41371513 5 1
41371534 3 1
41372561 6 1
41372627 2 1
41374164 6 1
41374432 2 1
41375111 1 1
41411161 5 1
41415452 6 1
41415766 4 1
41417371 1 1
41421773 1 1
41423215 4 1
41424233 5 1
41424427 1 1
41424532 3 1
41426276 4 1
41426436 2 1
41427134 3 0
41435216 1 1
41443136 2 1
41446162 5 1
41446331 4 1
41451715 1 1
41451736 4 1
41453261 3 1
41453653 4 1
41455131 1 1
41456165 4 1
41456316 4 1
41456365 4 1
41457156 4 1
41457163 4 1
41461543 3 1
41462433 3 1
41462537 3 1
41462721 2 1
41465366 3 1
41465613 4 1
41466275 5 1
41466734 2 1
41467113 1 1
41467322 6 1
41467375 4 1
41467563 5 1
41471512 1 1
41472741 3 1
41477223 3 1
41512313 2 0
41512365 3 1
41512424 2 1
41514335 4 1
41514413 4 1
41517257 5 1
41517433 1 1
41522373 2 1
41522576 5 1
41523571 4 1
41524122 6 1
41527274 7 1
41527317 1 1
41527416 4 -1
41531216 4 1
41532277 4 1
41532667 4 1
41534463 2 0
41536161 1 1
41537234 4 1
41541652 4 1
41543535 1 1
41543777 1 1
41544327 3 1
41546264 1 1
41547733 1 1
41551574 2 1
41552571 1 1
41553532 3 1
41554313 4 1
41554632 4 1
41561662 4 1
41562745 4 1
41563155 3 1
41563571 4 1
41564765 4 1
41567426 4 0
41571224 4 1
41571376 6 1
41572343 4 1
41573635 3 1
41574275 3 1
41574615 2 1
41575374 5 1
41575764 5 1
41576473 4 0
41577627 2 1
41612265 4 1
41613277 3 1
41614275 4 1
41616374 6 1
41616735 5 1
41617332 4 1
41621614 5 1
41621732 4 1
41623133 4 1
41624146 3 1
41624463 5 1
41625641 1 1
41625651 1 1
41626463 5 1
41626473 6 1
41627342 4 1
41627722 4 1
41631715 4 1
41633154 4 1
41634566 4 1
41634742 1 1
41635117 3 1
41635545 4 1
41636673 4 1
41637541 4 1
41641512 1 -1
41642465 4 -1
41644376 3 1
41644674 1 1
41651133 3 0
41653164 4 1
41653741 4 1
41654457 4 0
41655271 5 1
41655672 6 1
41656217 5 1
41657535 5 -1
41664524 4 0
41665725 4 1
41665756 5 1
41666376 4 1
41672231 4 1
41673563 6 1
41673712 3 1
41674135 4 1
41674743 3 1
41677731 6 1
41711572 1 1
41712271 1 0
41713216 2 1
41713525 2 -1
41714243 5 1
41714535 4 1
41714625 4 1
41714673 4 1
41714762 4 1
41716644 6 1
41717465 4 1
41717675 4 1
41721333 5 1
41723664 4 1
41725114 4 1
41725575 7 1
41725717 4 1
41726335 4 1
41726773 6 1
41731276 1 1
41735621 3 1
41736364 6 1
41737473 5 1
41737527 2 1
41737722 4 1
41742435 5 -1
41742612 4 1
41743263 4 0
41743447 5 1
41746617 4 1
41746766 4 1
41752326 2 1
41753646 4 1
41754673 4 1
41755415 4 -1
41755632 4 1
41756321 3 1
41756746 4 1
41757336 4 1
41757362 2 1
41761271 4 1
41762275 4 1
41762671 2 1
41763151 1 1
41763446 4 1
41764741 2 1
41765164 6 1
41765223 4 1
41766757 4 1
41767245 6 1
41767312 1 1
41771316 4 1
41772615 6 1
41773215 5 1
41775172 5 1
41775433 1 1
42111324 2 1
42112644 4 1
42112766 5 1
42113437 3 1
42114713 1 1
42116467 3 1
42117457 2 1
42122356 3 1
42123314 1 -1
42124425 4 -1
42124514 1 -1
42124762 2 1
42125633 4 -1
42131666 4 1
42133471 4 1
42134242 2 1
42135576 3 -1
42143324 2 -1
42145115 6 1
42145324 4 0
42145674 4 -1
42146562 4 -1
42147374 4 -1
42152757 3 1
42154322 3 1
42154356 3 1
42154412 1 -1
42154536 4 1
42154653 3 1
42155731 2 1
42156155 2 -1
42156452 4 -1
42157342 4 1
42161643 1 1
42162464 4 1
42164333 2 1
42167554 4 1
42171127 4 1
42171245 1 1
42171615 4 1
42172357 4 1
42172551 2 1
42175652 5 1
42177144 4 1
42177756 4 1
42212174 2 1
42213474 4 -1
42214457 3 1
42215261 1 1
42217553 4 1
42224157 3 1
42224431 3 1
42225441 6 1
42225563 2 1
42226331 4 1
42227612 4 1
42231444 2 1
42231647 1 1
42232141 2 1
42233477 3 1
42234361 2 1
42235257 4 1
42237132 4 1
42237274 4 0
42237455 5 1
42245163 5 1
42245217 3 -1
42246727 2 1
42253213 3 -1
42253216 4 1
42255232 4 1
42255612 2 1
42256625 4 -1
42261172 4 1
42263556 4 1
42267212 4 1
42267321 2 1
42271474 4 0
42271766 5 1
42272375 4 1
42272774 1 1
42274366 2 1
42276241 3 1
42311255 3 1
42312164 4 1
42313272 2 -1
42316412 4 1
42317651 5 1
42321423 1 -1
42321426 1 -1
42324335 4 1
42325414 3 -1
42325445 3 1
42327115 5 0
42327574 3 -1
42332776 6 0
42333165 2 1
42333564 2 -1
42335272 2 -1
42336267 6 1
42336633 4 1
42336713 3 1
42337346 4 1
42341531 3 1
42341663 3 -1
42342336 6 1
42343517 3 1
42345772 4 1
42346517 4 -1
42347635 3 1
42353412 3 0
42353535 5 1
42354524 4 -1
42354557 4 1
42355374 4 1
42356322 3 0
42357513 3 -1
42357634 3 1
42361526 3 1
42361537 2 1
42361732 3 1
42363224 3 1
42364746 3 1
42371132 3 1
42372753 4 1
42373621 3 1
42374273 4 1
42374746 3 1
42375317 4 1
42376116 3 1
42376725 4 1
42412175 4 1
42412773 3 1
42417655 4 1
42421256 2 1
42424726 5 1
42425676 2 1
42427134 2 -1
42433271 4 1
42434462 5 1
42435257 4 1
42435771 3 1
42436155 4 1
42437324 2 -1
42441671 4 1
42442721 2 1
42443267 6 1
42452714 4 1
42453116 3 1
42453543 3 1
42456622 4 1
42456637 3 1
42461236 4 1
42461713 1 1
42462241 3 1
42462351 3 1
42463266 3 1
42463716 3 1
42465321 3 1
42465617 2 1
42465714 4 1
42466734 4 -1
42467144 2 1
42467226 4 1
42467311 4 1
42471341 5 1
42471665 4 1
42472372 2 1
42474462 5 1
42477261 4 1
42511456 4 1
42512663 4 1
42513235 3 1
42515614 4 1
42515732 5 1
42516361 6 1
42517132 4 1
42517637 5 1
42523636 3 1
42523774 4 1
42531414 1 -1
42531442 3 1
42531734 3 1
42533172 4 1
42534243 6 1
42535725 4 1
42535743 4 1
42535762 4 1
42536354 5 1
42537212 2 1
42537274 7 1
42537423 4 1
42542322 4 1
42542425 6 1
42551771 2 0
42552564 1 1
42553446 3 1
42556124 1 1
42556153 4 1
42557141 4 1
42561345 4 1
42561722 4 1
42562154 5 1
42562745 4 1
42563334 2 -1
42563465 4 -1
42563627 5 1
42563643 4 1
42565377 4 1
42567367 2 1
42567465 5 0
42567476 4 -1
42572267 4 1
42572421 2 1
42573774 3 1
42577756 4 1
42611243 4 1
42611423 4 1
42611717 5 1
42613423 2 1
42614632 4 1
42616474 6 1
42617236 3 1
42617721 4 1
42621611 5 1
42623767 6 1
42625417 5 1
42626516 4 0
42627372 2 1
42627631 3 1
42633134 3 1
42633156 2 1
42633272 2 1
42633342 5 1
42633511 3 1
42635161 6 1
42635712 3 0
42636143 4 1
42637216 4 1
42642245 4 1
42643424 4 -1
42651116 4 0
42651332 2 1
42651627 4 1
42653734 3 1
42653737 3 1
42654173 4 1
42655557 3 0
42661332 2 1
42662373 4 1
42664537 3 1
42665313 4 1
42666571 4 1
42667233 4 1
42667611 4 1
42671112 2 1
42672716 5 1
42674325 4 1
42674333 4 1
42677147 2 1
42677621 4 1
42712347 3 1
42714336 2 1
42714656 4 1
42715172 7 1
42717532 4 -1
42721456 4 -1
42721617 1 1
42722533 4 -1
42723343 2 -1
42723347 4 1
42723373 2 -1
42725543 4 1
42726431 3 1
42726571 4 1
42733631 3 1
42733766 4 1
42741331 4 1
42743156 3 -1
42746526 4 -1
42747162 7 1
42747475 2 -1
42752246 7 1
42752734 4 1
42753135 3 1
42753276 3 -1
42753371 4 -1
42755614 4 1
42755633 3 1
42756551 6 1
42757376 4 1
42761374 2 -1
42766257 4 1
42767253 5 0
42773422 2 -1
42773641 4 1
42775351 5 1
42775524 5 1
42775714 5 1
42776234 3 1
42776776 6 1
43112256 3 0
43112645 3 1
43113261 4 1
43114646 3 1
43114714 1 0
43115432 4 1
43116424 3 -1
43121376 1 1
43121726 1 1
43122371 3 1
43122565 4 1
43124551 3 1
43125767 3 0
43127665 4 1
43132177 3 1
43132365 3 -1
43133574 5 -1
43142373 3 -1
43143421 1 -1
43143642 4 1
43145246 4 1
43146233 3 -1
43146765 4 1
43147126 2 -1
43147464 4 -1
43151376 1 0
43152271 3 1
43153261 3 1
43153526 3 1
43153624 3 1
43154363 3 0
43154636 4 1
43155262 5 1
43155542 3 1
43155676 6 1
43156114 4 1
43156157 4 1
43157541 4 1
43157571 3 1
43157756 3 1
43163765 4 1
43165771 3 1
43166673 4 1
43167175 3 1
43167331 4 1
43167456 3 -1
43171365 1 1
43172731 1 1
43173176 1 1
43174772 4 1
43176646 4 1
43214115 3 1
43214135 2 1
43214434 1 -1
43214737 2 1
43215664 4 1
43215717 3 1
43216513 5 1
43217431 6 1
43222121 2 1
43222521 2 1
43223323 6 -1
43226346 4 1
43226564 3 -1
43227146 6 1
43227634 4 1
43227672 4 -1
43231752 1 -1
43232271 2 0
43232654 2 -1
43235142 4 1
43237661 2 0
43243215 4 1
43247354 5 -1
43251613 1 0
43252131 2 1
43255662 5 1
43255756 3 1
43256131 5 1
43256244 4 1
43257554 1 -1
43261127 2 1
43261713 1 0
43264112 2 1
43265231 3 1
43266512 3 1
43267457 4 -1
43271175 2 1
43271715 1 1
43272773 3 1
43274161 4 1
43274563 4 1
43277613 3 0
43311266 4 1
43311326 4 0
43313446 4 1
43315252 4 1
43315261 4 1
43316252 4 1
43316636 3 1
43317721 4 1
43321267 2 1
43323273 2 1
43324677 3 1
43325127 4 1
43325535 3 1
43327527 5 1
43332755 3 -1
43334237 2 1
43341614 1 -1
43342252 4 1
43342442 2 -1
43344354 2 -1
43345615 4 1
43347262 3 1
43347536 3 1
43352545 5 -1
43352624 2 1
43353772 2 1
43357334 4 -1
43357762 3 1
43361762 4 1
43362111 2 1
43362766 4 1
43366635 3 1
43371565 5 1
43374547 3 1
43374561 4 1
43376414 1 -1
43376447 3 1
43376534 4 1
43411473 4 0
43413434 3 -1
43413456 5 -1
43416133 4 1
43416776 4 1
43423577 4 1
43424175 2 1
43425113 4 1
43426253 4 1
43426576 4 1
43427126 3 1
43427133 2 1
43427235 4 1
43427633 4 1
43442773 4 0
43443532 2 1
43451374 2 -1
43451757 4 1
43453461 4 1
43455637 2 1
43456372 4 1
43456762 5 1
43457233 5 1
43457466 4 -1
43461372 3 1
43462214 4 -1
43462226 4 1
43463152 2 1
43463763 4 1
43464676 6 1
43466624 4 1
43471152 4 1
43471175 4 1
43474167 3 1
43474315 5 1
43475222 4 1
43475261 4 1
43475422 4 0
43476636 4 1
43511233 2 1
43513412 1 1
43514322 4 1
43515564 3 -1
43516155 4 1
43517616 3 -1
43521634 3 0
43522237 4 1
43522456 4 1
43522757 4 1
43523253 6 1
43524244 5 1
43524451 3 1
43524623 4 1
43525114 4 1
43525564 4 1
43527543 4 1
43527744 3 1
43532423 3 -1
43535446 5 1
43535646 4 1
43536236 4 1
43536253 3 1
43537716 4 -1
43541131 4 1
43541553 7 -1
43541653 5 1
43541732 3 1
43542561 3 0
43543377 5 1
43543432 3 1
43546247 4 1
43546361 6 1
43551246 4 1
43553116 3 1
43553143 4 1
43555266 4 1
43555631 5 1
43556113 4 1
43561657 5 1
43562365 2 -1
43565157 4 1
43565666 5 1
43566647 5 1
43566715 5 1
43567563 5 -1
43574373 3 -1
43574573 4 1
43576116 3 -1
43576134 4 1
43576336 5 1
43576516 4 -1
43612725 2 1
43612751 2 1
43613226 4 1
43613741 4 1
43614316 4 1
43614621 4 1
43615255 3 1
43616133 7 1
43617365 5 1
43617734 2 1
43623523 4 1
43623546 4 1
43623734 3 1
43624426 2 1
43624711 4 1
43625337 2 1
43631214 1 -1
43631356 3 1
43632713 3 -1
43634513 3 0
43634771 4 1
43636152 6 1
43636215 3 1
43637111 6 1
43637365 3 1
43641547 5 1
43642162 1 -1
43642177 3 1
43642742 3 -1
43643125 4 1
43643513 4 -1
43643572 3 1
43644357 6 -1
43644372 4 1
43644625 5 1
43645526 3 -1
43645541 3 1
43647617 4 1
43651443 6 1
43652741 3 1
43655376 5 1
43656172 5 1
43656533 5 1
43662617 4 -1
43664413 2 -1
43664551 4 1
43665557 4 1
43665723 4 -1
43665726 4 -1
43666457 3 -1
43667342 4 1
43667516 4 -1
43671236 3 1
43672443 2 -1
43672644 4 1
43672737 7 0
43673254 4 1
43673661 4 1
43674651 4 1
43676544 5 1
43677327 3 0
43677443 6 -1
43712526 2 1
43713345 4 1
43713772 4 1
43714417 4 1
43714436 4 1
43715332 4 1
43716432 3 1
43721441 4 1
43721741 3 1
43722717 3 1
43726625 5 1
43731267 2 1
43732676 4 -1
43734632 4 1
43735235 4 1
43735636 4 -1
43737256 2 -1
43737671 4 1
43741323 3 -1
43742344 2 -1
43744555 5 1
43746162 6 1
43752356 3 1
43753412 3 1
43753531 1 1
43754521 4 1
43755343 3 -1
43756135 5 1
43756464 4 -1
43757136 4 1
43761662 4 1
43764326 3 1
43764513 3 1
43765265 5 1
43766312 3 1
43771364 4 1
43772531 4 1
43774342 5 1
43775571 4 1
44117132 2 -1
44117345 3 1
44121661 4 1
44122364 4 -1
44123124 4 1
44123177 2 0
44124416 1 0
44131227 1 1
44131634 1 -1
44132766 3 -1
44134365 6 1
44134552 4 1
44136151 5 1
44137532 3 1
44142723 4 -1
44143245 5 -1
44144765 3 -1
44145733 1 1
44146135 3 -1
44151217 4 1
44151641 2 1
44152513 1 -1
44154673 4 1
44156766 3 -1
44162162 4 1
44163113 3 0
44164651 4 1
44165513 1 -1
44166371 4 -1
44166417 1 -1
44167342 4 1
44167536 3 1
44173763 1 1
44175141 3 1
44176547 2 1
44176623 3 -1
44177124 2 0
44213743 2 1
44214256 2 1
44215257 5 1
44217666 2 -1
44223171 3 1
44223632 2 1
44225645 4 1
44226341 3 1
44226524 5 -1
44231346 3 -1
44232453 2 -1
44235345 2 -1
44236254 3 -1
44242267 3 1
44243243 2 1
44243473 4 1
44251125 2 1
44251362 3 -1
44252434 4 -1
44252747 1 1
44253725 2 1
44254475 7 -1
44255246 3 1
44257616 4 1
44262415 2 1
44265312 3 -1
44266567 1 1
44267536 3 1
44273237 2 1
44275665 2 1
44277255 4 1
44311265 4 1
44311575 4 -1
44314172 3 1
44315455 1 1
44315616 4 1
44316344 6 1
44317224 4 -1
44317252 3 1
44321166 3 1
44321366 4 1
44321757 4 1
44323434 4 -1
44323517 3 1
44326343 3 1
44326713 4 1
44332576 3 0
44334761 6 1
44335352 5 1
44337332 4 -1
44337442 3 -1
44337665 4 1
44337753 1 1
44341227 4 1
44341235 3 -1
44347516 4 -1
44353312 1 -1
44353472 3 -1
44356231 3 1
44356576 1 -1
44361446 3 1
44362376 2 1
44363625 3 1
44364124 3 1
44366615 4 1
44367743 2 1
44373671 2 1
44376132 3 1
44376232 3 1
44376365 4 1
44412327 2 1
44415643 3 1
44417315 4 1
44423165 4 1
44423542 3 1
44423674 2 -1
44426523 2 1
44427364 4 1
44432545 2 1
44434123 2 1
44435157 5 1
44437224 2 1
44445716 2 -1
44445753 5 1
44446335 5 1
44447352 2 1
44451752 4 1
44452717 4 1
44453565 5 -1
44454162 4 1
44454776 4 1
44462132 3 1
44463113 4 1
44463212 3 0
44465112 4 1
44465762 2 1
44471115 1 1
44471247 2 1
44473714 5 1
44511242 6 1
44511266 1 1
44512365 3 0
44513741 1 1
44514112 6 1
44517475 2 1
44521437 3 -1
44521567 5 0
44525642 5 1
44526152 1 1
44531332 2 1
44531574 3 -1
44533113 5 -1
44533357 4 1
44534677 4 1
44536266 3 1
44537157 5 1
44551235 3 -1
44551322 3 -1
44551712 1 -1
44552171 1 1
44552572 1 1
44552753 2 -1
44555117 3 1
44555361 3 1
44557113 5 1
44557236 3 -1
44557275 7 1
44562721 2 1
44563346 5 1
44563351 5 1
44564223 5 1
44565213 4 1
44566633 4 1
44572351 5 1
44573537 1 1
44575747 7 1
44576374 3 -1
44576722 4 1
44576743 3 1
44576761 6 1
44611127 3 -1
44612517 1 -1
44612555 4 -1
44613121 1 1
44613161 1 1
44614222 5 1
44615416 1 1
44616616 5 1
44621347 4 1
44621636 4 1
44622766 3 1
44623533 4 -1
44624776 3 1
44627244 1 -1
44632376 4 -1
44634126 1 1
44636511 4 1
44643417 4 1
44643637 1 1
44647572 1 -1
44651167 4 1
44651522 4 -1
44653164 6 -1
44654272 4 1
44657233 5 -1
44661333 4 -1
44664423 3 -1
44665627 5 -1
44666266 5 1
44667263 4 1
44667574 1 -1
44667715 5 -1
44671372 2 -1
44671662 4 0
44674275 4 1
44675336 7 -1
44675473 3 -1
44675726 5 1
44713537 3 1
44713656 3 1
44715626 4 0
44722415 4 -1
44722514 4 -1
44727451 7 1
44731513 1 -1
44733514 3 -1
44741332 4 0
44742355 3 -1
44747352 7 1
44747761 1 -1
44751463 3 -1
44751657 4 1
44752115 4 -1
44752547 2 1
44754162 4 1
44754672 4 1
44755276 4 1
44756524 5 -1
44757514 5 -1
44761576 4 0
44765123 3 -1
44766617 1 -1
44766654 4 1
44772275 5 -1
44773424 4 1
44774546 4 1
44776366 3 1
44776616 2 1
44776674 4 -1
45111173 3 1
45115237 2 1
45115722 4 1
45116165 2 1
45122266 4 1
45123275 3 -1
45124416 1 1
45124554 5 1
45126663 4 1
45126724 4 1
45127345 4 1
45127347 2 1
45131727 1 1
45132216 5 1
45132352 1 1
45132362 4 -1
45134427 4 1
45136276 3 0
45136731 5 1
45137613 1 0
45142461 1 -1
45143666 4 1
45144167 2 1
45144762 4 1
45147731 3 1
45151534 5 -1
45153251 4 1
45154225 5 1
45154227 4 1
45154632 4 1
45161351 3 1
45163274 4 -1
45165274 4 1
45165343 4 1
45165521 4 1
45166724 6 1
45171732 3 1
45174125 4 1
45175676 5 1
45177515 5 0
45211417 1 -1
45212141 1 1
45213527 2 1
45213761 6 1
45214461 4 0
45215576 4 1
45215754 5 1
45216162 4 1
45222365 4 1
45224373 4 1
45224526 3 1
45226647 1 1
45227636 3 1
45231376 3 0
45232417 4 1
45232516 2 1
45234436 5 1
45236247 4 1
45236642 4 1
45237156 2 1
45237352 3 1
45237467 4 -1
45241567 4 -1
45242673 2 1
45246233 5 -1
45246477 1 -1
45246571 4 -1
45251774 2 1
45252473 2 1
45253736 3 1
45254711 4 1
45255671 2 1
45256233 4 0
45256414 5 -1
45256756 4 1
45257375 5 -1
45257753 4 1
45262346 2 1
45264274 1 -1
45266267 3 1
45267315 3 -1
45271247 4 1
45271373 3 1
45271752 4 1
45272433 2 1
45273256 4 1
45274266 1 1
45274342 3 1
45274524 4 1
45274772 1 1
45276273 4 1
45276653 3 1
45277367 5 1
45277716 2 1
45277724 2 1
45312166 4 0
45312261 4 -1
45312436 3 1
45312665 5 1
45312727 2 1
45313455 3 1
45313762 3 1
45315625 2 0
45316141 1 1
45316435 3 1
45316521 4 -1
45317363 4 -1
45321244 2 -1
45322263 3 0
45322731 4 1
45324167 3 1
45325123 5 1
45326765 5 1
45327244 2 -1
45327652 4 1
45331472 5 -1
45332225 4 1
45332247 4 1
45332446 2 1
45333154 4 1
45333226 6 1
45334111 3 1
45334267 4 1
45336142 4 1
45336661 4 -1
45336715 4 1
45337267 3 -1
45337617 3 1
45342737 3 1
45344165 3 1
45344625 3 1
45345412 4 -1
45345551 3 0
45346153 4 0
45346232 3 1
45347255 2 -1
45347465 6 -1
45353344 5 -1
45354365 5 -1
45354667 2 1
45354766 4 1
45355441 3 1
45356316 4 1
45357612 5 -1
45361232 3 1
45363544 1 -1
45366172 4 1
45372346 4 1
45372563 4 1
45372643 4 1
45373565 5 1
45373761 5 1
45374632 5 1
45376612 3 0
45377676 1 1
45411345 2 1
45411676 4 1
45413157 4 1
45413566 4 1
45416352 3 1
45417321 4 1
45417335 4 1
45417717 4 1
45421121 1 1
45421144 5 1
45421472 2 -1
45423226 4 1
45423275 4 1
45426146 3 1
45427323 4 1
45427447 2 1
45432464 1 -1
45432761 3 1
45433656 2 1
45435264 3 1
45436565 5 1
45436775 4 1
45437735 4 1
45442756 1 1
45443417 3 1
45445127 4 1
45447575 5 -1
45451421 2 1
45452472 1 -1
45453237 3 1
45453254 4 0
45455125 4 1
45456154 4 1
45457646 7 1
45461236 3 1
45461511 2 1
45462217 4 1
45462477 1 1
45462766 1 1
45466123 3 1
45466763 5 1
45471257 4 1
45472157 4 1
45472365 4 1
45472451 4 1
45473152 3 1
45473736 1 1
45473763 1 1
45474214 1 1
45474272 5 1
45474336 5 1
45474413 3 1
45476415 4 1
45477317 5 1
45477521 4 1
45477735 1 1
45513217 1 1
45516643 4 1
45521231 3 1
45521234 4 0
45521353 1 1
45524427 4 1
45524643 2 1
45526124 4 1
45526216 5 0
45526243 3 1
45531377 1 1
45533746 2 1
45536372 5 1
45537266 5 1
45537374 5 -1
45537631 4 1
45541755 2 1
45543443 2 0
45543533 2 -1
45543617 4 1
45543626 5 1
45547163 4 1
45547177 4 1
45551563 3 1
45555263 4 1
45557124 4 -1
45563234 3 1
45565377 6 1
45567355 4 1
45567471 5 0
45572455 1 1
45573316 4 1
45573366 5 1
45573711 3 1
45576275 4 0
45576472 4 1
45577367 6 1
45611246 4 1
45611523 5 1
45611744 4 1
45611775 5 1
45612173 3 1
45613675 3 -1
45614461 4 1
45615161 1 -1
45617235 4 0
45621563 5 1
45622551 2 1
45622553 3 1
45622737 4 1
45622755 6 0
45624125 4 1
45624216 4 1
45624623 4 1
45625357 4 1
45625635 3 -1
45626463 5 1
45627135 4 0
45627173 2 1
45631647 4 1
45631745 4 1
45632373 3 -1
45632571 4 0
45634155 3 1
45635426 4 1
45636355 1 -1
45641252 4 -1
45642311 3 -1
45643635 2 1
45646611 1 -1
45647617 5 -1
45652164 6 0
45652345 5 0
45653754 6 1
45656176 3 -1
45656217 5 1
45662423 5 -1
45663124 5 -1
45664532 4 1
45665762 5 1
45671262 4 0
45671613 1 -1
45672252 4 1
45673227 4 1
45673542 4 1
45674174 4 1
45674513 4 1
45674762 4 1
45675477 4 1
45676443 3 1
45677372 4 1
45711732 5 1
45716134 4 -1
45716151 1 -1
45716272 4 1
45716745 4 1
45717743 4 1
45721611 4 1
45723427 4 1
45723447 4 1
45723636 3 1
45725132 1 0
45726167 4 1
45727316 4 1
45731442 4 1
45731572 5 0
45731641 4 1
45732164 4 -1
45732217 5 1
45732321 2 1
45732513 3 -1
45733123 5 1
45736173 6 1
45736743 3 1
45737265 5 0
45741326 4 -1
45741543 3 -1
45743412 5 -1
45746137 3 -1
45747512 2 -1
45751273 5 0
45753154 2 -1
45755451 2 -1
45761752 5 1
45762142 6 1
45762522 4 1
45762567 3 1
45762751 5 1
45763242 4 1
45763676 6 -1
45763751 3 1
45764277 4 1
45764636 6 1
45766226 4 1
45773645 2 1
45774266 4 1
45777154 4 1
46111474 4 -1
46114144 1 1
46114256 2 1
46116773 6 1
46123531 3 1
46123533 4 1
46123554 4 1
46124637 3 1
46125363 3 1
46126672 4 1
46127117 4 1
46127264 1 -1
46127462 1 -1
46127543 3 1
46127563 4 1
46132253 1 -1
46132772 3 0
46133412 4 1
46133723 4 1
46134673 4 1
46136445 4 1
46137573 6 -1
46141252 1 -1
46141363 1 -1
46141523 1 -1
46152164 4 1
46153744 3 1
46154441 5 1
46154673 4 1
46155227 4 1
46156353 5 1
46156532 5 1
46161456 6 -1
46161775 1 1
46163242 4 1
46164444 2 1
46166744 3 1
46167173 3 0
46167553 6 1
46171361 1 1
46172462 4 1
46173471 3 1
46173537 3 1
46173611 3 1
46174312 1 1
46175216 1 -1
46175412 5 -1
46176172 2 1
46177367 1 1
46177773 4 1
46211747 3 1
46212313 2 1
46212744 3 1
46212751 2 1
46213565 5 1
46213777 4 1
46214517 4 1
46215174 4 1
46216446 3 1
46216532 4 0
46216645 6 1
46216764 4 1
46217515 4 -1
46217616 6 -1
46217713 2 1
46223741 4 1
46224375 6 1
46225546 4 1
46225645 4 1
46227242 2 1
46227514 4 1
46227557 3 1
46231777 4 1
46232477 6 -1
46232763 2 1
46233651 4 1
46234335 2 1
46235551 3 1
46236575 5 1
46245316 4 -1
46246171 4 0
46246562 4 1
46247265 4 -1
46247453 3 -1
46247712 1 -1
46253156 6 1
46256367 5 1
46256376 4 1
46257423 2 1
46257557 3 1
46261213 2 0
46263531 4 1
46264654 6 0
46266712 2 1
46267145 4 1
46267155 4 1
46267515 4 1
46267542 1 1
46267743 4 1
46271761 2 1
46272316 2 1
46272362 4 1
46272364 2 1
46273557 3 1
46274463 4 0
46276142 3 1
46276557 4 1
46277142 3 1
46277216 2 1
46311765 4 1
46312571 2 0
46312663 2 1
46314322 4 1
46315615 3 1
46315661 3 1
46315761 4 1
46316177 2 1
46316443 4 1
46317163 4 1
46317246 4 1
46317253 2 -1
46321452 3 -1
46323551 4 1
46323776 3 1
46324436 4 0
46324515 4 1
46324737 3 1
46327514 4 -1
46327717 4 1
46331152 3 -1
46332461 2 1
46333554 5 1
46333651 4 1
46333735 1 1
46333775 4 1
46334122 4 1
46341156 4 -1
46342734 2 1
46343122 3 1
46345656 6 1
46351437 3 1
46352116 3 0
46352451 4 1
46353225 5 1
46354164 5 0
46354753 4 1
46355764 6 1
46356376 1 1
46361474 3 -1
46362131 3 1
46365155 3 0
46366655 4 1
46367147 2 1
46371275 3 1
46372164 3 1
46373345 1 1
46375337 4 1
46376615 4 1
46376626 2 1
46377126 2 1
46377334 2 1
46412612 2 1
46412751 4 1
46413357 4 1
46413473 2 0
46413727 4 1
46416555 4 1
46417341 5 1
46417456 2 -1
46421134 4 -1
46421366 1 1
46423264 4 1
46424371 2 1
46425551 4 1
46425741 5 1
46426743 5 1
46427776 4 1
46431353 3 -1
46431461 4 1
46432152 5 1
46434577 3 1
46434774 3 1
46437736 4 1
46441722 2 1
46442573 4 1
46443156 3 1
46446153 5 1
46446635 5 1
46447633 2 1
46451364 3 -1
46451631 4 1
46452333 5 1
46453126 3 1
46453632 2 1
46454513 1 1
46462231 4 1
46462351 3 1
46462657 6 1
46462734 2 1
46463312 4 1
46464272 1 1
46464761 2 1
46472557 1 1
46475171 4 1
46475521 4 1
46511174 4 0
46511735 3 1
46512254 5 1
46514224 2 -1
46514417 2 0
46516732 4 1
46517674 4 1
46521156 5 1
46521746 2 1
46525163 4 1
46526314 2 0
46526665 4 1
46527661 4 1
46532237 3 1
46533452 5 1
46534156 4 1
46536235 5 1
46536351 5 1
46544773 4 1
46545262 5 1
46545614 2 -1
46546276 2 -1
46546744 6 1
46547151 5 1
46547653 5 0
46551655 3 -1
46551713 1 -1
46555363 5 1
46561362 3 1
46562422 4 1
46564264 4 1
46564541 2 1
46564734 6 1
46565673 6 0
46566373 4 -1
46572421 2 1
46573156 5 1
46573446 5 1
46575376 5 1
46611523 3 1
46612174 4 0
46612717 5 1
46612761 3 1
46614747 5 1
46615773 4 1
46617721 3 1
46621157 4 1
46622654 4 0
46623113 2 1
46625466 4 1
46626327 2 1
46631133 3 1
46631525 3 1
46634365 4 1
46635537 3 1
46636653 4 -1
46643224 4 -1
46644437 2 1
46645525 6 -1
46646371 4 1
46651262 6 1
46651416 1 0
46651634 4 1
46652625 2 1
46655221 5 1
46655771 7 1
46657217 4 1
46657425 5 1
46657675 5 -1
46661576 4 1
46664571 5 1
46667537 2 1
46671737 7 1
46672337 3 1
46672473 4 0
46676257 4 1
46677557 6 1
46677676 4 -1
46711263 4 1
46713153 4 1
46714457 2 0
46714647 2 1
46714712 4 1
46715525 5 1
46716264 2 1
46717615 5 0
46717762 4 1
46717763 4 1
46721171 4 1
46723216 1 -1
46724655 4 1
46725526 4 -1
46725646 6 1
46727345 4 1
46727412 7 0
46727751 4 1
46731772 4 1
46732666 4 -1
46732736 1 -1
46733277 3 1
46733442 4 1
46734223 2 1
46734275 4 1
46735326 3 -1
46735613 3 -1
46735742 4 1
46735756 5 1
46736754 4 1
46741572 2 0
46741666 3 -1
46742124 2 -1
46743552 4 0
46745141 4 1
46746571 4 1
46747551 5 0
46747646 6 1
46751114 4 1
46752335 3 1
46753114 4 -1
46753654 4 1
46753716 3 1
46754432 5 -1
46756116 4 1
46761576 6 0
46763241 4 1
46763255 4 -1
46767672 6 1
46773165 3 1
46773527 2 1
46773734 2 1
46774251 4 1
46775265 5 1
46775444 2 -1
46776452 2 1
46776522 3 1
46777153 5 1
46777223 2 1
47111726 2 1
47112553 3 1
47115441 3 1
47115635 4 1
47116234 3 1
47116766 3 1
47117146 3 1
47117147 3 1
47117221 4 1
47123473 3 -1
47124132 4 1
47124316 1 1
47125341 4 1
47126163 2 1
47126322 4 1
47127743 2 1
47127766 4 1
47131756 1 0
47132542 4 1
47133546 2 1
47133714 1 -1
47135637 5 1
47136166 6 1
47136721 4 0
47142417 1 1
47143262 2 0
47146235 4 -1
47146323 3 -1
47153162 6 1
47154236 3 1
47154674 4 1
47157662 4 1
47161454 1 -1
47165362 4 1
47165616 6 -1
47166116 3 1
47167115 4 1
47167254 1 -1
47171562 1 0
47171657 7 1
47172114 2 1
47172323 2 1
47172325 2 1
47173356 4 1
47174567 7 1
47174725 7 1
47175632 3 1
47176121 1 1
47176456 5 1
47211572 5 0
47211773 4 1
47212344 4 1
47212517 1 1
47213367 4 1
47214362 4 1
47216666 3 1
47217411 4 1
47221172 4 1
47221311 2 -1
47221332 5 -1
47221416 1 1
47222444 3 1
47225117 4 1
47225446 4 1
47226347 4 1
47227126 4 1
47227176 3 1
47227754 4 1
47232514 4 1
47232712 4 1
47233365 4 1
47235154 5 1
47235411 5 -1
47235516 3 0
47236361 2 1
47236727 7 0
47237442 3 1
47237662 2 -1
47241642 1 1
47242564 4 -1
47243564 3 -1
47251262 4 1
47251511 2 1
47251675 2 1
47253136 2 1
47253625 2 1
47256341 3 1
47256426 2 -1
47261174 2 1
47263123 2 1
47263332 2 1
47263664 2 1
47264216 4 1
47265115 2 1
47271243 4 1
47271725 7 1
47273114 3 1
47275366 4 -1
47277332 4 -1
47312737 7 1
47313252 3 1
47315712 3 1
47317514 3 -1
47321243 4 1
47321252 2 1
47321731 3 1
47322441 2 1
47323771 3 1
47326435 3 1
47327732 3 1
47331311 5 1
47331764 1 1
47334127 4 1
47334232 2 1
47336526 4 1
47336551 5 1
47337124 2 1
47337654 4 1
47341561 3 1
47341665 3 1
47343673 2 1
47344245 4 1
47346326 2 1
47347544 1 -1
47356122 4 0
47356324 2 0
47356531 3 1
47356544 2 0
47356675 1 -1
47357664 4 1
47361233 4 1
47361357 4 1
47366245 5 1
47366757 7 1
47367127 4 1
47367157 4 1
47367432 3 1
47367551 4 1
47367565 1 1
47376173 3 1
47376517 7 1
47413222 3 1
47414275 5 1
47421157 3 1
47421712 4 1
47422331 4 1
47422423 1 1
47424412 2 1
47425353 4 1
47426354 3 0
47426526 1 1
47432156 3 1
47432271 4 1
47433527 2 1
47434125 2 1
47434127 2 1
47441221 4 1
47446531 4 0
47446662 4 1
47451222 1 1
47451433 3 -1
47451451 4 1
47451674 4 1
47452332 4 1
47452532 4 1
47452611 4 1
47453245 3 1
47455631 6 1
47456352 3 1
47457161 4 1
47457467 5 1
47461736 4 1
47465357 3 1
47471157 7 1
47472275 1 1
47472615 4 1
47477131 5 1
47477361 4 1
47511463 4 -1
47513216 2 1
47513343 1 1
47515322 2 1
47515612 3 1
47516116 5 1
47516473 4 0
47516547 4 1
47521551 4 1
47522367 5 1
47522744 1 1
47523621 4 1
47523745 4 1
47523777 3 1
47525327 4 1
47525614 4 1
47525651 4 1
47526344 3 0
47531322 1 -1
47531363 3 -1
47533615 3 1
47534164 4 0
47534333 4 1
47536156 5 1
47537134 4 1
47537176 4 1
47537531 3 1
47544141 3 1
47545343 5 1
47546121 4 1
47546545 5 1
47547372 5 1
47547516 4 -1
47552334 4 0
47552744 2 0
47553113 1 1
47561251 4 1
47561752 4 1
47562362 4 1
47562523 6 1
47563353 5 1
47563471 4 1
47564123 3 1
47564152 4 1
47564213 3 1
47566237 5 1
47566331 4 1
47571232 4 1
47571316 1 0
47571536 4 1
47571651 3 1
47572475 2 1
47573311 1 1
47575232 5 1
47576176 4 1
47576341 4 1
47576571 4 1
47612237 3 1
47612323 2 1
47613375 6 1
47613727 7 1
47614275 4 1
47614433 4 1
47614516 4 1
47615154 5 1
47615773 5 1
47617522 4 0
47621131 3 1
47621174 2 0
47621522 4 1
47621641 3 1
47626521 2 1
47626774 6 1
47631564 4 1
47632176 2 0
47633436 3 1
47633622 3 0
47634535 4 1
47634615 4 1
47634723 4 1
47636325 3 1
47636562 4 1
47637161 3 1
47637313 3 -1
47637441 3 1
47641231 3 1
47641422 2 -1
47642545 6 1
47642613 3 -1
47644651 5 1
47645463 4 -1
47646351 6 1
47647435 4 -1
47651426 4 1
47651636 3 1
47652313 4 0
47653675 1 -1
47653736 1 1
47655216 5 1
47656411 4 1
47661233 4 1
47662253 4 -1
47663513 4 1
47666321 4 1
47666527 4 1
47667111 3 1
47667445 5 1
47667513 3 0
47667632 4 1
47671123 4 0
47671471 3 1
47672362 4 0
47672636 2 1
47673161 6 1
47674134 3 1
47712336 2 1
47713162 4 1
47713164 6 1
47714272 3 1
47714474 2 -1
47716447 4 1
47721463 2 -1
47722421 2 1
47722644 2 1
47723472 2 -1
47724361 4 1
47725732 4 1
47726113 4 1
47726243 4 1
47726415 2 -1
47727365 4 1
47732773 4 0
47733115 1 1
47734447 4 1
47735565 3 -1
47736436 3 0
47736752 3 1
47737665 5 1
47741715 1 1
47744232 4 1
47745471 3 1
47752263 4 1
47754256 4 1
47756177 4 1
47756234 3 -1
47756323 3 1
47757161 4 1
47757441 4 1
47761344 4 -1
47762471 5 1
47763535 2 1
47765734 3 1
47766276 4 1
47771133 5 1
47772136 4 1
47773365 5 1
47775732 4 1
51115371 4 1
51115746 4 1
51117227 4 1
51124126 6 1
51126742 4 1
51127325 4 1
51131332 4 1
51132131 2 1
51132722 3 1
51135364 2 -1
51135725 3 1
51141774 4 -1
51142165 4 -1
51143162 4 0
51143173 3 -1
51143663 3 0
51144131 3 0
51145611 2 0
51145717 1 1
51147152 3 -1
51147622 5 0
51151473 2 -1
51151742 1 1
51153514 1 -1
51154361 3 1
51154643 4 1
51154657 5 1
51156455 2 -1
51157623 3 -1
51162323 2 1
51163272 5 0
51163636 6 1
51164627 4 1
51165346 5 1
51173377 4 1
51174462 4 1
51174513 1 1
51175536 4 1
51176346 3 -1
51176566 4 -1
51177247 3 1
51177521 4 1
51211744 2 1
51212267 5 1
51212453 2 1
51213416 5 1
51214277 1 1
51217323 2 1
51221535 3 1
51222675 4 1
51222716 2 1
51225421 4 1
51227643 3 0
51231445 3 1
51231574 4 0
51231577 2 1
51231643 3 0
51234655 4 0
51237575 2 -1
51241477 4 -1
51242576 5 1
51242762 4 1
51243477 4 -1
51244427 4 1
51246547 4 1
51246732 4 0
51251762 5 0
51256421 5 -1
51256743 3 0
51257347 4 1
51257456 6 1
51262317 2 1
51266635 5 1
51267377 5 1
51267413 6 1
51272677 2 1
51273434 3 1
51273454 4 1
51276223 5 1
51276224 4 1
51276431 6 1
51276516 4 0
51277447 4 1
51311773 4 1
51314352 5 1
51314651 1 1
51315545 1 1
51316232 3 1
51316416 3 -1
51316435 3 1
51316472 6 1
51317244 4 1
51317733 4 1
51321272 2 0
51322516 5 1
51322745 3 1
51324274 3 1
51324544 2 -1
51325543 3 1
51325647 4 1
51326573 6 0
51327341 4 1
51327544 3 1
51331644 4 1
51331722 5 1
51333417 4 1
51333535 4 1
51333561 5 1
51333751 4 1
51334224 4 1
51334771 1 1
51335663 2 1
51336437 5 1
51336446 4 1
51336717 5 1
51336727 5 1
51337533 4 1
51341416 1 -1
51341574 3 -1
51342221 4 0
51342452 2 -1
51343252 3 1
51343437 2 1
51346361 3 0
51347526 3 -1
51347561 3 0
51352425 2 -1
51356377 6 1
51357216 3 -1
51357631 2 1
51361272 5 0
51362256 5 1
51362766 5 1
51363173 5 1
51364533 4 1
51364635 3 1
51366476 4 1
51367362 2 -1
51372173 3 1
51372451 4 1
51373345 1 1
51373553 4 1
51374576 4 1
51376123 3 1
51377324 3 0
51411764 5 1
51411766 5 1
51413757 1 1
51414132 1 1
51415377 5 1
51417247 4 1
51417574 2 1
51421153 4 1
51421615 1 -1
51422324 2 1
51422626 2 1
51426154 1 1
51426213 4 1
51427151 1 1
51427273 7 1
51427313 4 1
51433575 4 1
51434543 6 1
51435427 5 1
51436411 4 1
51437226 4 1
51437432 4 1
51441663 4 1
51441771 3 1
51442566 1 1
51442621 2 1
51444666 4 1
51446325 3 0
51447137 1 1
51447245 4 1
51447527 1 1
51451313 1 -1
51451745 3 1
51452356 3 1
51452371 3 1
51452726 2 1
51453431 1 1
51454724 4 1
51454733 1 1
51457342 4 1
51462254 5 1
51462274 4 1
51462576 4 1
51463662 4 1
51465361 4 1
51465623 5 1
51467373 6 0
51471251 4 1
51471526 2 1
51472463 3 -1
51473235 3 1
51474136 4 1
51476337 3 1
51476441 5 1
51511766 4 1
51512756 3 1
51515231 1 1
51516224 3 0
51516664 5 1
51517334 2 1
51521145 6 1
51522167 4 1
51522346 4 1
51524145 6 1
51525626 3 1
51526746 5 1
51527665 1 -1
51531447 2 1
51532353 3 1
51532517 3 1
51535173 4 1
51536413 2 -1
51536632 4 1
51542357 2 1
51543275 2 0
51544435 4 0
51551246 5 -1
51552473 4 1
51554233 3 1
51554477 2 1
51555326 3 1
51562344 4 1
51562714 5 1
51563431 3 1
51566412 3 1
51566773 5 1
51567416 5 1
51571646 3 1
51572461 5 1
51577454 4 1
51612756 5 1
51613426 4 0
51614441 1 1
51617173 1 -1
51624325 3 1
51624622 1 1
51625361 4 1
51625416 3 -1
51631232 4 1
51632211 5 1
51632431 4 1
51635276 1 -1
51637417 2 -1
51637451 2 0
51642122 4 -1
51642716 4 0
51643237 3 1
51643675 4 -1
51644533 4 1
51646272 3 -1
51646314 2 -1
51647531 3 0
51647572 3 -1
51651277 3 0
51651316 1 0
51652332 3 1
51655632 2 1
51655773 3 1
51657631 3 0
51663764 4 1
51665357 4 1
51666372 1 -1
51666474 5 -1
51671157 4 1
51672735 3 1
51673234 3 1
51673311 5 1
51674713 3 0
51675115 6 1
51676353 5 1
51676526 5 1
51676566 3 1
51677442 3 0
51677512 4 0
51677672 4 1
51711232 3 1
51711665 5 1
51712626 5 1
51715421 1 -1
51716135 1 0
51716164 1 0
51716213 1 -1
51716537 6 1
51721733 3 0
51722477 3 0
51722677 5 1
51723216 5 0
51724415 2 -1
51725656 3 1
51726577 3 -1
51726733 5 1
51732165 6 1
51732317 3 1
51733341 4 1
51734511 4 1
51735122 4 1
51735564 2 -1
51736522 2 1
51737125 3 0
51741353 2 0
51741423 4 1
51742667 4 1
51742674 4 -1
51745326 5 1
51747654 5 1
51754517 2 1
51757323 2 -1
51761314 2 -1
51762467 4 1
51762756 4 1
51763371 3 0
51763512 3 -1
51763622 2 1
51765676 6 0
51765767 3 1
51767261 2 1
51767476 5 1
51767571 4 1
51773431 3 1
51774647 2 1
51774675 6 0
51776256 5 1
51776322 5 1
52113117 2 1
52116436 3 -1
52121415 2 -1
52123541 3 1
52124446 5 -1
52124636 4 -1
52125742 2 1
52127772 2 -1
52131426 4 1
52131672 1 1
52132426 2 1
52133434 2 1
52133561 3 1
52134122 5 1
52134142 4 1
52134471 4 1
52135773 5 1
52137465 4 0
52141776 5 1
52145371 2 1
52146574 4 -1
52146764 6 1
52147167 4 1
52147223 4 1
52147346 4 1
52151241 6 1
52151264 1 -1
52151461 4 -1
52152776 5 1
52153554 4 -1
52154524 6 1
52154534 3 -1
52155374 2 0
52156432 2 -1
52161222 1 1
52163147 3 1
52164163 2 1
52165462 5 1
52165732 3 1
52167674 6 1
52172744 4 0
52173441 2 1
52173462 3 -1
52175123 2 1
52176633 3 1
52176773 5 1
52214445 6 1
52215346 4 1
52217147 5 1
52221714 4 1
52224667 4 1
52227316 2 -1
52227671 2 0
52232616 5 1
52233143 4 1
52233556 4 1
52234146 3 1
52235436 1 1
52237165 1 -1
52241362 4 1
52241364 4 1
52241737 4 1
52243475 4 -1
52246562 6 1
52246624 2 -1
52247174 3 -1
52251412 4 1
52252357 2 1
52254443 4 1
52255772 5 1
52256461 3 -1
52257172 4 1
52257351 4 1
52262441 3 1
52263471 4 1
52265774 4 1
52267347 2 1
52274653 4 1
52275231 4 1
52311161 3 1
52317442 2 1
52323632 2 1
52326611 2 1
52334127 4 1
52335261 5 1
52335667 5 1
52337276 2 -1
52341231 3 1
52341742 4 1
52342365 2 -1
52343166 3 1
52343354 4 -1
52344771 3 1
52345623 3 1
52347411 4 -1
52347475 3 -1
52351437 3 1
52352125 2 1
52352134 3 1
52352477 2 -1
52354231 3 1
52354715 3 -1
52354735 3 1
52357233 5 -1
52362455 2 1
52366124 4 1
52366176 1 -1
52366311 2 -1
52367152 1 0
52371414 4 1
52372342 3 1
52373232 2 1
52373536 2 1
52374237 3 1
52411455 6 1
52413475 3 1
52413575 4 0
52416742 4 1
52417446 4 1
52421524 6 1
52425143 6 1
52425653 3 1
52427254 2 -1
52432116 4 1
52433411 4 1
52434375 4 1
52435241 6 1
52435262 2 1
52435342 4 1
52442515 6 1
52442613 4 0
52444337 4 1
52444344 3 1
52445174 5 1
52445271 5 1
52445756 4 1
52451532 4 0
52453554 3 1
52454516 4 1
52454532 4 1
52455176 2 1
52457443 3 1
52461345 4 1
52461524 6 -1
52462174 4 1
52462237 4 1
52462736 5 1
52463547 4 1
52463757 4 1
52465661 5 1
52467641 4 1
52471611 4 1
52473223 3 1
52474637 5 1
52511347 3 1
52512771 3 1
52513476 4 1
52517212 2 -1
52521534 2 -1
52522372 4 1
52523141 5 1
52523677 5 1
52526174 3 -1
52526515 4 1
52531346 5 1
52531567 6 -1
52532437 1 1
52532552 4 -1
52532641 4 1
52532673 3 1
52535472 1 1
52541153 2 1
52541666 5 1
52542346 1 1
52542466 5 1
52542576 4 1
52543335 3 1
52543527 4 1
52545366 1 1
52547714 5 1
52551743 3 1
52553622 2 -1
52553744 4 1
52561427 4 1
52561567 5 0
52561613 5 1
52561734 4 1
52562316 2 1
52562466 5 1
52564773 4 1
52565642 4 1
52567126 2 1
52572343 5 1
52572431 4 1
52574321 4 1
52574712 5 1
52611635 3 1
52613361 6 1
52615733 5 1
52616737 6 1
52617273 1 -1
52617634 5 0
52621513 1 -1
52625364 1 1
52626761 3 1
52632467 1 1
52633513 4 0
52633556 4 1
52635645 3 0
52636744 4 1
52637377 1 1
52637765 6 1
52637774 1 -1
52642232 3 -1
52642733 3 1
52643113 5 0
52644334 1 1
52644646 4 1
52644726 1 1
52645432 5 1
52645623 1 1
52646677 4 1
52651247 4 1
52652247 2 1
52662753 5 1
52663326 5 1
52665134 5 1
52665354 1 1
52666542 1 1
52666716 3 0
52671175 4 0
52671437 3 0
52671515 1 -1
52671775 4 0
52675533 6 1
52676325 6 1
52677146 4 1
52677312 3 0
52677314 4 1
52712175 4 1
52712534 2 1
52712721 4 1
52715471 3 -1
52716424 3 -1
52717512 4 -1
52721176 1 -1
52722412 4 -1
52722477 4 1
52722624 2 1
52725124 3 -1
52725351 4 1
52725445 4 1
52731751 4 1
52735121 4 1
52735722 1 1
52736713 3 1
52736756 5 1
52737123 4 1
52737232 2 -1
52737242 2 1
52741633 3 -1
52741726 4 1
52743123 3 1
52743715 4 -1
52744241 3 1
52744352 1 -1
52746164 3 -1
52751442 4 1
52754326 5 1
52755264 4 0
52756624 4 -1
52761671 6 1
52762114 3 0
52764234 4 -1
52767442 5 1
52773717 7 -1
52774517 4 1
52775647 5 1
52776163 1 -1
52777663 4 1
53111254 3 1
53111647 3 1
53111663 2 -1
53112424 2 1
53112576 3 -1
53113361 5 1
53114621 3 1
53114757 3 1
53116713 1 -1
53116777 5 1
53117377 6 0
53121755 1 1
53122447 3 1
53122655 2 1
53124264 5 1
53124623 3 1
53125652 2 1
53126463 3 1
53131242 1 1
53131677 5 -1
53132275 2 -1
53133123 2 -1
53133212 5 1
53134664 4 -1
53134717 1 1
53137432 2 1
53141254 1 1
53143314 4 -1
53146132 5 1
53147455 4 -1
53151565 5 -1
53153272 3 1
53153637 2 1
53153741 3 1
53155373 3 -1
53155674 3 1
53156232 3 1
53161633 3 1
53163156 5 1
53164211 4 1
53165413 3 1
53165756 4 1
53166354 3 1
53167345 5 -1
53171221 2 1
53171555 1 -1
53172623 2 0
53173162 3 1
53174125 2 0
53174724 4 -1
53175614 3 1
53176723 1 -1
53211447 3 1
53212173 2 1
53212741 5 1
53214661 3 1
53214724 2 1
53215324 3 1
53215346 5 1
53217446 3 1
53221521 3 0
53221544 3 -1
53222312 1 -1
53224634 4 1
53225134 3 1
53226735 3 1
53226762 2 -1
53227343 3 -1
53231316 3 -1
53231755 1 -1
53232645 2 -1
53235112 3 1
53236524 2 -1
53242313 3 -1
53243514 3 -1
53243657 4 1
53244635 3 1
53246353 3 1
53246755 2 1
53246757 4 1
53251146 3 -1
53251552 3 1
53251766 6 -1
53253155 3 1
53254264 3 -1
53254366 4 0
53254565 5 -1
53255427 5 1
53256142 4 1
53257275 2 -1
53261571 3 -1
53262545 5 -1
53263414 3 1
53264117 2 1
53264135 3 1
53267112 5 0
53271134 3 1
53271763 1 -1
53272356 2 1
53274644 4 0
53275643 5 1
53312176 3 1
53314255 4 1
53315426 4 1
53315674 2 1
53316125 3 1
53316177 2 1
53316477 2 1
53317661 4 1
53317663 5 1
53321136 3 1
53321667 3 1
53321756 1 1
53321777 3 1
53322611 2 1
53323214 3 1
53324162 4 1
53334413 4 -1
53334546 4 1
53336627 1 -1
53337153 4 1
53341254 4 1
53341422 4 1
53341523 3 -1
53342141 4 1
53342721 4 1
53344325 4 0
53345216 4 1
53345224 1 -1
53345265 1 -1
53345614 4 1
53347367 5 1
53347747 1 0
53351317 3 0
53351325 5 1
53352225 5 1
53355471 2 1
53357655 3 1
53361144 4 1
53362277 3 1
53363274 1 1
53364767 4 1
53365461 2 1
53365756 2 1
53366312 5 1
53367513 3 -1
53367743 5 1
53371367 5 1
53373471 2 1
53374336 5 1
53374356 4 1
53376543 5 -1
53377417 3 1
53411375 4 1
53411661 4 1
53412345 3 1
53417675 3 1
53421247 4 1
53423111 4 1
53423376 5 1
53423613 5 1
53424737 4 1
53425164 5 1
53425221 4 1
53426755 4 0
53433721 3 1
53434451 7 1
53434725 3 1
53435121 5 1
53437275 7 1
53441421 4 -1
53443147 4 1
53443367 3 -1
53446411 1 -1
53446637 7 -1
53447736 6 0
53452275 3 1
53453213 5 0
53455172 2 1
53456312 4 1
53456347 4 1
53461136 5 1
53461267 4 1
53461435 4 1
53461574 3 -1
53461612 1 -1
53463254 5 1
53463267 4 1
53463413 4 -1
53466156 4 1
53467143 4 1
53471535 3 1
53472432 4 1
53472716 5 1
53475366 5 1
53476212 3 0
53476663 4 -1
53477317 5 1
53513517 2 1
53515425 2 1
53515636 4 1
53516272 1 -1
53516323 3 1
53516345 4 1
53517174 2 0
53517414 2 -1
53522213 5 1
53526736 5 1
53527157 4 1
53531147 5 1
53531316 3 -1
53532771 5 1
53533567 3 1
53534417 5 1
53536123 3 1
53536531 3 1
53536643 3 1
53542753 2 1
53542763 3 1
53544452 1 0
53544652 1 1
53544741 2 1
53546334 4 1
53551631 2 1
53552574 2 0
53552737 2 1
53553521 6 1
53554123 2 -1
53555217 3 1
53556444 3 -1
53557226 2 0
53562363 3 -1
53562422 4 1
53562435 4 1
53562734 4 1
53563716 5 1
53564142 3 1
53564243 4 1
53567346 5 1
53571166 5 1
53571432 2 1
53571473 1 1
53573175 3 1
53574454 3 -1
53576341 5 1
53577262 5 1
53612575 3 1
53613256 4 1
53615176 5 1
53616127 5 1
53621427 4 1
53622361 4 1
53622411 5 1
53622744 4 0
53623413 3 1
53623436 1 1
53624146 4 1
53624445 6 1
53624657 5 1
53625474 1 -1
53626151 4 1
53627512 5 1
53631124 3 -1
53631243 3 1
53632143 3 1
53632411 3 -1
53635477 3 1
53636271 1 -1
53637722 5 1
53644515 5 0
53644713 4 1
53645324 5 1
53645325 2 -1
53645744 6 1
53646275 1 -1
53646341 2 0
53646361 2 1
53647217 4 1
53647476 4 -1
53647575 3 -1
53651477 4 0
53652247 4 0
53652271 2 1
53654257 4 1
53655133 4 1
53661127 3 -1
53661733 2 -1
53662335 7 1
53662777 3 0
53663175 2 1
53665336 4 1
53665471 2 -1
53666752 5 1
53667362 1 1
53667737 1 1
53671435 5 1
53672117 5 1
53672624 2 1
53672754 4 1
53673242 2 1
53675134 2 1
53675411 5 1
53676534 3 1
53677115 2 -1
53711422 4 0
53712625 2 1
53712644 3 -1
53713471 2 0
53713654 2 1
53715626 5 1
53716225 1 -1
53717132 4 1
53717215 4 1
53717253 4 1
53717331 4 1
53721537 3 1
53722331 4 1
53723512 3 1
53726234 1 -1
53727136 4 1
53727724 1 1
53731332 6 1
53731632 5 1
53732744 5 1
53734114 5 1
53735264 1 -1
53736514 4 -1
53736712 3 1
53741423 1 -1
53741521 3 -1
53742113 3 0
53742762 4 0
53743122 3 1
53743617 3 1
53746766 4 1
53747522 4 -1
53747545 4 -1
53751664 5 1
53752272 4 -1
53752655 6 -1
53754427 5 0
53754547 4 1
53754732 4 1
53756622 6 0
53761273 5 -1
53761764 3 1
53762341 2 -1
53764636 6 1
53767124 2 1
53767134 2 1
53767417 3 -1
53772216 3 0
53772426 2 1
53774225 2 1
54112521 2 1
54113725 2 -1
54114357 4 1
54115173 3 1
54115773 5 1
54116547 5 1
54117236 2 0
54117321 1 -1
54117666 4 1
54121352 2 1
54123165 4 -1
54124374 2 -1
54125312 2 1
54126541 4 1
54127461 4 -1
54131736 1 1
54133761 3 1
54134311 3 0
54134377 3 0
54135743 5 1
54136645 4 1
54137422 3 -1
54143626 4 -1
54144153 3 1
54146164 4 -1
54146232 3 -1
54146314 4 -1
54151426 1 -1
54152523 2 1
54152644 4 -1
54153261 4 -1
54155521 4 0
54156163 5 1
54157172 5 -1
54157327 4 0
54157421 4 -1
54163755 3 -1
54164375 4 1
54165355 1 1
54165652 4 1
54166232 3 1
54167142 2 1
54167164 6 1
54167227 4 1
54171527 2 1
54175257 4 1
54176433 4 -1
54176447 3 -1
54176735 5 0
54177341 4 1
54211713 5 1
54213142 4 1
54214275 4 1
54217531 3 -1
54221133 4 -1
54221761 4 0
54231335 4 1
54231572 3 -1
54233463 4 -1
54233623 3 1
54234255 4 1
54235276 4 1
54236716 4 0
54237256 4 1
54242211 2 -1
54247226 7 -1
54247324 4 -1
54247376 4 1
54247711 2 -1
54253722 4 1
54254125 2 1
54254251 4 1
54255277 4 0
54255533 4 0
54256675 7 -1
54256744 4 0
54257226 4 -1
54257253 3 0
54257773 4 -1
54261716 1 -1
54261722 4 1
54261737 2 1
54262161 2 1
54262652 4 1
54263656 6 -1
54264553 4 1
54265232 5 1
54267345 4 1
54273516 3 -1
54274614 4 1
54274623 3 1
54275466 5 1
54276133 3 0
54277476 4 -1
54312256 4 1
54312343 3 0
54312516 3 0
54312652 4 1
54313753 3 1
54313771 3 1
54316362 2 -1
54316767 5 1
54317445 3 -1
54323225 3 1
54323266 3 1
54324211 4 1
54331263 2 -1
54333112 2 1
54334727 3 1
54337772 5 -1
54345274 4 -1
54347265 3 -1
54351435 4 -1
54361521 3 -1
54362263 4 -1
54365173 5 1
54365621 5 1
54365637 3 1
54365652 2 1
54371145 4 0
54371367 5 -1
54371653 5 1
54373162 3 1
54373617 3 1
54375712 2 1
54376572 3 -1
54377117 4 0
54377534 3 1
54412236 4 1
54412337 2 1
54412674 4 0
54415626 4 1
54416131 1 0
54416345 2 1
54421633 4 1
54426412 4 0
54427466 1 -1
54427612 4 1
54431362 4 1
54431747 4 1
54432762 5 1
54434321 3 1
54436772 1 1
54437122 2 1
54437223 1 -1
54437413 3 -1
54437435 4 -1
54437615 4 1
54441325 4 -1
54442524 5 -1
54443217 3 0
54443365 4 -1
54445441 2 -1
54447155 4 -1
54451745 4 1
54453522 2 -1
54454637 3 1
54454666 4 1
54455362 1 1
54455523 4 1
54456524 4 0
54462463 5 1
54463271 3 1
54463722 4 1
54467252 5 1
54467364 5 1
54467513 4 1
54467755 4 1
54474764 2 1
54476772 4 1
54477427 4 0
54511627 5 1
54512153 2 1
54512411 4 1
54512437 4 1
54513274 4 1
54514572 3 0
54517446 4 1
54521621 4 1
54521731 2 1
54522567 6 0
54524263 1 -1
54524276 5 1
54525576 4 1
54526632 5 1
54527764 5 1
54532345 4 1
54533722 3 1
54541162 4 -1
54541663 5 1
54541735 4 -1
54543111 5 1
54543235 3 -1
54543724 4 -1
54543725 4 -1
54546131 5 1
54547651 4 1
54551257 4 1
54552215 4 -1
54554313 4 1
54555757 3 1
54556314 4 -1
54563531 5 1
54565133 4 1
54566441 5 1
54567127 4 1
54567773 2 1
54571675 4 -1
54572543 3 1
54573547 4 1
54574124 4 1
54574167 5 1
54576124 4 1
54611736 4 0
54612353 5 1
54613451 5 1
54615173 2 0
54615675 3 -1
54616134 4 1
54616226 3 0
54616671 4 1
54617577 4 -1
54621273 5 1
54621325 4 1
54621654 5 1
54621756 5 1
54621775 4 -1
54622613 4 1
54623171 6 1
54623453 5 1
54623636 3 1
54624436 4 -1
54625712 5 1
54625771 3 -1
54631527 4 0
54632275 4 -1
54633362 1 -1
54633511 3 1
54636733 3 1
54641657 4 -1
54642243 3 1
54642426 4 -1
54643547 3 -1
54643736 3 -1
54644246 4 1
54644513 3 1
54645313 5 1
54645321 5 1
54646462 4 -1
54652163 5 1
54652472 5 -1
54653313 6 -1
54654115 2 -1
54654311 5 1
54654367 4 1
54656374 6 1
54656441 5 1
54656471 6 -1
54657143 2 0
54657757 4 -1
54672355 2 1
54672511 4 -1
54673356 3 1
54675125 4 -1
54675764 5 1
54677361 2 1
54711747 4 0
54712516 4 -1
54713323 5 -1
54713445 3 -1
54713524 4 -1
54714463 2 -1
54714531 4 0
54714761 4 1
54717621 2 1
54721245 4 1
54721262 2 -1
54721342 4 1
54721624 6 1
54724126 3 1
54724157 3 0
54726524 1 -1
54726645 4 1
54726713 4 1
54726745 4 1
54731213 5 1
54733167 2 1
54734226 1 1
54734613 3 1
54735121 5 1
54735371 2 -1
54737344 3 -1
54737366 5 -1
54737447 4 1
54742641 4 1
54743152 4 1
54744123 2 1
54746321 4 -1
54751132 2 -1
54751337 3 1
54751562 4 -1
54753457 2 -1
54754212 4 1
54757574 3 -1
54761555 6 1
54762325 4 1
54762415 4 -1
54763122 4 0
54763235 3 1
54763764 4 0
54764273 1 1
54764327 3 1
54765715 4 -1
54767462 2 -1
54771137 5 -1
54771567 4 -1
54773216 2 0
54774233 4 0
54774672 4 1
54777216 4 1
55112173 3 0
55112436 3 -1
55114242 6 1
55114246 4 1
55115641 1 1
55116323 2 -1
55116324 4 -1
55122146 4 1
55122636 3 -1
55123612 1 -1
55123774 4 -1
55124277 4 1
55124661 5 1
55124724 4 1
55125171 4 1
55126541 1 1
55126755 4 0
55126756 3 1
55132776 3 0
55134421 4 -1
55137157 4 1
55137361 6 1
55141176 4 -1
55142514 1 -1
55144767 4 1
55146342 2 1
55146436 3 -1
55147326 3 -1
55147443 3 -1
55147631 3 -1
55152451 2 -1
55154726 5 1
55154773 3 -1
55155433 4 -1
55156217 1 -1
55156562 5 -1
55163425 6 -1
55163431 3 1
55163673 5 -1
55164434 3 -1
55164577 2 -1
55165243 2 1
55167443 4 1
55171235 1 -1
55172263 3 -1
55172425 2 1
55173275 3 -1
55173325 3 -1
55174413 1 -1
55176455 4 -1
55177441 4 1
55177531 4 1
55213522 3 1
55214332 3 1
55214471 1 1
55217223 4 1
55222463 4 0
55223332 2 1
55224456 4 1
55225431 3 1
55225531 2 1
55226147 4 1
55226342 2 1
55227371 2 -1
55231546 6 -1
55233412 3 1
55233731 1 1
55236344 1 -1
55237124 2 1
55237536 5 1
55237733 3 -1
55241267 4 -1
55241341 4 1
55242242 4 0
55243516 6 -1
55244157 4 1
55244171 4 1
55244573 1 -1
55246316 4 -1
55246537 4 -1
55246544 4 0
55246631 4 -1
55246634 3 -1
55246671 4 -1
55247326 4 1
55247547 1 -1
55251617 1 -1
55253516 5 -1
55254252 6 1
55254741 4 1
55262714 2 1
55264461 4 1
55265431 3 1
55266145 5 1
55266325 2 -1
55267433 2 -1
55267631 3 1
55267743 5 -1
55271367 1 -1
55273462 3 -1
55274516 5 1
55274617 4 1
55276712 4 -1
55312734 3 1
55313143 1 1
55313612 3 1
55314111 1 1
55314347 1 1
55317765 5 -1
55321446 4 1
55321727 6 1
55321765 5 0
55322117 3 1
55323747 3 1
55324113 4 1
55326134 3 1
55327146 5 -1
55327152 6 0
55327174 2 -1
55327216 2 -1
55335172 2 -1
55335716 6 1
55336164 5 1
55336263 6 1
55337222 3 -1
55342655 2 1
55346323 4 -1
55357726 2 -1
55362774 3 0
55365622 3 1
55366541 3 1
55366751 4 1
55372561 3 1
55375333 4 1
55376164 5 1
55376222 5 1
55376335 5 0
55376631 3 1
55376655 6 1
55377373 4 1
55377442 4 1
55377455 3 -1
55411174 2 1
55411673 3 -1
55412146 4 1
55414227 1 1
55414513 4 1
55417257 4 1
55421457 4 0
55421626 4 -1
55422172 1 1
55422364 4 1
55424416 4 -1
55426764 6 1
55427122 1 1
55431211 4 1
55431372 4 1
55431431 4 1
55433676 7 1
55434533 4 -1
55442671 4 1
55447452 4 1
55451277 4 1
55451752 4 1
55452224 6 1
55453147 1 1
55453221 3 1
55454216 4 1
55461211 4 -1
55461742 4 1
55462627 2 1
55463253 2 -1
55463333 6 -1
55465623 3 1
55466372 5 1
55472513 3 -1
55475354 3 0
55475763 4 1
55513412 2 1
55513736 2 1
55514522 6 1
55515364 2 1
55516334 2 1
55521224 4 1
55522346 2 1
55522373 3 1
55523747 4 1
55523766 3 1
55523771 6 1
55524141 6 1
55525231 5 1
55527636 6 -1
55533174 2 1
55534125 4 1
55536212 4 1
55536773 2 -1
55537664 4 1
55544356 2 1
55546225 6 -1
55547433 4 -1
55547514 7 -1
55553254 3 -1
55562236 3 1
55567367 3 1
55567424 6 -1
55571262 3 1
55572756 3 1
55573234 3 1
55575437 3 1
55611476 4 -1
55617354 2 -1
55621613 1 -1
55623274 2 -1
55626265 3 1
55626362 4 1
55626575 5 -1
55632714 4 0
55633461 2 1
55636761 1 1
55641625 6 -1
55642272 2 -1
55642613 4 -1
55643316 4 -1
55644366 4 1
55646625 6 -1
55652427 2 -1
55654313 4 -1
55655127 4 1
55656476 6 -1
55662661 4 1
55663552 3 0
55665732 3 1
55667453 3 -1
55667511 5 -1
55667516 6 -1
55671627 6 -1
55672335 5 1
55673274 3 -1
55677643 5 0
55713535 5 -1
55714217 4 1
55717461 4 -1
55722264 5 -1
55722641 5 1
55725315 3 1
55731234 3 1
55731772 5 0
55732656 6 -1
55734355 4 1
55734423 2 -1
55735223 3 1
55736471 2 -1
55736555 2 1
55736626 5 -1
55736632 1 -1
55737231 4 1
55744216 4 1
55745336 1 1
55746714 6 -1
55746762 6 1
55747437 3 -1
55755163 2 1
55757247 4 1
55762427 2 0
55762454 6 -1
55763611 6 -1
55764112 2 -1
55764627 4 1
55764731 4 1
55764744 5 -1
55765465 4 1
55771635 3 -1
55777274 4 -1
56111321 3 1
56112135 2 1
56112146 2 1
56113116 3 1
56113644 4 -1
56114632 3 -1
56114732 3 1
56116113 3 1
56116325 3 0
56117732 3 -1
56121256 1 1
56122721 2 1
56123215 1 -1
56123436 4 1
56124221 4 1
56124244 2 -1
56124331 4 1
56124554 6 -1
56131524 1 1
56132123 2 1
56132565 2 -1
56134333 5 -1
56134565 3 -1
56136336 2 -1
56136421 3 1
56136427 2 1
56137323 3 -1
56137345 5 -1
56137346 3 -1
56141356 2 1
56144522 4 1
56147132 2 0
56147335 3 1
56147773 5 0
56153165 4 -1
56154674 7 -1
56154716 1 -1
56156543 3 -1
56157144 4 -1
56157451 6 1
56161257 5 1
56162173 3 -1
56162744 4 1
56162754 5 1
56164514 1 -1
56166215 1 -1
56166453 5 1
56166527 3 -1
56167267 5 -1
56172177 5 1
56173174 6 1
56173222 1 -1
56173657 4 1
56174521 4 1
56175131 2 1
56175413 3 1
56177324 2 1
56213221 3 1
56213325 2 1
56214253 4 1
56216427 2 1
56224377 3 -1
56225447 5 1
56227657 4 1
56227776 5 1
56233756 5 1
56235345 2 -1
56235451 3 1
56242515 2 1
56242574 2 -1
56242615 2 -1
56242751 2 1
56243141 3 1
56243145 4 1
56243427 2 1
56244413 4 1
56245273 4 1
56245276 5 1
56245316 2 1
56246336 4 1
56246713 2 1
56253373 2 -1
56253656 6 1
56254312 4 -1
56255236 3 1
56262522 5 1
56263335 5 1
56264416 6 -1
56265237 5 1
56266164 4 1
56271716 2 1
56272743 2 1
56273124 2 1
56273224 4 1
56273515 3 1
56276473 4 1
56276541 4 1
56277553 3 1
56311127 3 1
56312777 2 1
56313152 1 1
56313264 3 1
56313412 3 1
56314112 2 1
56314113 4 1
56314316 4 1
56315737 2 1
56317724 2 0
56321144 4 -1
56324135 2 1
56324543 4 1
56324714 3 -1
56325772 5 1
56326552 3 1
56332471 4 0
56332524 2 -1
56333224 6 1
56333531 2 1
56333611 2 1
56334215 4 -1
56335715 3 -1
56337377 3 -1
56341165 5 1
56342376 4 -1
56343456 3 1
56343762 3 1
56344516 4 1
56344567 4 1
56344657 4 1
56346366 3 0
56347234 3 1
56351151 3 1
56351376 5 -1
56351433 5 0
56353214 3 1
56356576 4 -1
56356731 2 1
56361225 3 -1
56361515 1 -1
56362561 5 1
56362717 2 1
56363527 3 1
56364116 6 1
56364613 6 1
56365723 5 1
56366155 3 1
56366171 3 1
56371152 2 1
56371274 3 0
56373414 3 1
56374115 3 1
56374632 3 1
56374757 7 1
56376311 2 1
56376411 4 1
56376512 3 1
56377456 5 1
56377712 5 1
56377736 4 1
56377762 5 1
56411526 2 1
56413243 4 1
56413344 3 -1
56414352 3 1
56414663 4 1
56414673 4 1
56415214 4 1
56416351 4 1
56416432 4 1
56416676 4 1
56417266 4 1
56417756 2 1
56421253 1 1
56421733 3 -1
56423217 3 0
56423764 4 1
56424733 4 1
56425514 4 -1
56425713 4 1
56425751 4 1
56426312 3 1
56431337 4 0
56431451 5 1
56433322 5 -1
56433334 4 -1
56433475 4 1
56433721 4 1
56434312 4 1
56434732 5 1
56435751 4 1
56436757 4 1
56437162 5 1
56437351 5 1
56437737 3 1
56437745 4 1
56437754 5 1
56442215 4 1
56442557 4 1
56443351 5 1
56443671 3 1
56444261 4 1
56445432 3 -1
56446641 4 1
56447117 5 0
56447744 2 -1
56451127 4 1
56451554 4 -1
56451556 2 1
56452447 2 1
56452677 4 1
56453477 6 -1
56453753 4 1
56456323 2 -1
56457124 4 1
56457372 5 0
56457422 4 1
56457763 5 1
56461446 6 -1
56463243 4 1
56464127 4 1
56464277 4 1
56465317 5 1
56466463 5 1
56472315 3 0
56473531 3 1
56474344 5 1
56474415 2 -1
56476514 3 0
56477247 5 1
56477326 3 0
56512453 3 1
56512657 3 1
56513133 2 1
56513742 4 1
56514517 4 1
56516453 2 1
56527115 1 -1
56527271 4 -1
56527622 5 1
56533423 4 1
56533466 5 1
56534323 3 -1
56535242 3 1
56536141 4 1
56536214 4 1
56541123 4 1
56541373 5 1
56541722 4 1
56542321 4 1
56545473 4 1
56545764 4 1
56546147 3 1
56552217 6 1
56552724 5 1
56553576 2 -1
56557116 5 0
56557565 5 -1
56561276 6 -1
56561342 5 1
56562241 5 1
56563277 5 1
56563366 4 1
56563671 6 1
56564142 4 1
56572311 2 1
56572342 4 1
56572532 6 1
56573117 4 1
56573474 4 1
56577263 5 1
56577534 3 -1
56611242 5 0
56611274 3 -1
56611632 5 1
56613236 3 1
56613364 1 0
56613432 3 1
56614633 4 1
56616243 5 1
56617416 4 1
56622425 2 1
56625342 4 1
56625711 5 1
56626714 4 1
56627164 3 1
56627447 1 1
56631434 4 1
56631512 1 1
56631752 5 1
56632412 3 1
56635617 3 1
56637332 2 1
56641315 1 1
56642771 4 1
56643226 4 1
56643257 4 1
56647153 2 1
56647217 4 1
56652143 2 1
56663216 2 -1
56663254 4 1
56663654 4 1
56663723 5 1
56665133 2 1
56667223 2 1
56672363 2 1
56673727 7 1
56674422 4 1
56675314 4 1
56675315 3 1
56676126 4 1
56676374 4 1
56676774 4 1
56677616 5 -1
56711752 5 1
56712533 2 0
56713612 5 0
56713764 4 1
56715313 5 1
56715532 2 1
56717643 3 -1
56717656 6 0
56722641 5 0
56723341 2 -1
56723535 1 -1
56731154 4 1
56731734 3 1
56733217 5 1
56734676 6 -1
56734727 2 1
56737267 6 1
56742237 3 -1
56742626 6 -1
56744331 2 1
56745143 2 1
56746337 5 1
56746427 4 0
56747611 6 0
56747667 4 1
56753366 4 -1
56753714 5 -1
56755366 3 1
56755463 4 1
56762215 6 -1
56762717 3 -1
56763214 3 -1
56763447 4 1
56764217 5 -1
56764345 4 1
56764353 5 1
56765427 5 1
56765642 6 -1
56765711 5 1
56766442 4 1
56767313 6 -1
56771647 3 0
56772415 4 -1
56772625 2 -1
56772765 5 1
56774242 2 1
56774271 5 1
56775622 4 1
56775754 4 1
56775775 4 1
56777313 2 -1
57112147 4 1
57112341 3 1
57113315 4 1
57117165 3 0
57123115 3 0
57123421 4 1
57124445 2 1
57125743 2 1
57126122 3 1
57131623 1 -1
57132316 1 -1
57137257 2 1
57142152 4 0
57142512 1 -1
57143735 3 1
57146273 4 1
57146526 4 -1
57153315 4 1
57153527 3 1
57153725 3 1
57154173 3 0
57155626 7 1
57156113 3 -1
57156632 3 1
57161353 5 1
57161655 6 -1
57162164 2 1
57163533 5 1
57163623 5 1
57164421 2 1
57164542 4 1
57165435 3 -1
57166654 4 1
57167134 6 1
57167241 4 1
57174273 2 1
57175475 4 0
57176344 4 -1
57176415 4 0
57211132 3 1
57211331 2 1
57212134 2 1
57212263 2 0
57213424 2 1
57213676 2 1
57214226 4 1
57214561 4 1
57215435 4 1
57216267 4 1
57216345 3 0
57217254 2 0
57221153 3 1
57224413 1 -1
57225163 3 1
57226231 3 1
57226335 3 1
57227662 5 1
57231514 1 0
57231562 3 -1
57231723 2 1
57233314 4 1
57235562 3 1
57237253 5 1
57237264 3 0
57237537 3 1
57241622 4 1
57243141 4 1
57243752 5 1
57244232 2 1
57246756 5 1
57251136 3 1
57256142 4 1
57261112 2 1
57263754 4 1
57267426 2 1
57275132 5 1
57277425 2 1
57314176 4 1
57317366 3 1
57322424 2 1
57323562 3 1
57323735 4 1
57324623 6 1
57325365 6 1
57325727 7 1
57326163 6 1
57326473 5 0
57326631 3 1
57327247 4 1
57331646 5 1
57332172 3 1
57335243 5 1
57336361 6 1
57341364 4 -1
57342422 4 -1
57342576 3 0
57342577 3 -1
57343265 3 1
57343531 4 1
57344253 5 1
57345425 4 -1
57346632 3 1
57347175 3 -1
57347254 4 1
57347537 5 1
57352653 3 1
57353533 4 1
57353752 3 1
57354211 4 1
57356112 3 1
57357424 2 -1
57361554 3 1
57362314 3 -1
57364665 4 1
57366115 2 1
57366143 4 1
57367216 3 0
57367621 2 1
57372726 7 1
57374656 5 1
57376426 4 0
57377613 5 0
57411212 1 1
57411322 5 1
57411762 1 1
57411767 7 1
57412152 5 1
57412721 2 1
57414416 2 0
57414417 3 1
57416144 5 1
57416245 4 1
57416322 4 0
57416527 2 1
57421165 4 1
57421353 5 1
57421536 3 -1
57421576 4 0
57421652 5 1
57423157 5 1
57423666 4 1
57424373 4 1
57424636 4 1
57424677 5 1
57432174 2 -1
57435373 3 1
57435533 5 1
57435643 4 1
57435645 6 1
57436465 6 1
57436712 3 0
57436744 4 -1
57437721 4 1
57441166 5 -1
57441451 3 1
57443411 1 1
57443472 3 -1
57444677 2 1
57445246 4 1
57445272 5 1
57451621 4 1
57452145 4 1
57455265 4 1
57455656 4 1
57456217 4 1
57456276 4 1
57456362 5 1
57457132 4 1
57461234 3 -1
57461253 4 1
57461617 2 0
57465642 4 1
57467272 4 1
57471474 3 1
57473152 5 1
57475743 7 1
57476423 4 -1
57476623 4 -1
57511663 2 1
57512536 3 1
57513661 2 1
57514266 5 1
57514332 4 1
57516371 3 1
57517423 2 1
57523231 3 1
57532226 6 1
57533147 2 1
57535471 2 1
57535664 3 1
57536721 3 1
57537147 4 1
57541627 2 1
57541643 6 1
57541724 4 1
57542126 2 1
57543167 5 1
57545537 6 1
57552767 7 -1
57554132 3 1
57554245 3 1
57557233 2 0
57564144 2 1
57564364 5 1
57564631 5 1
57565323 6 1
57566216 5 1
57567254 4 1
57571442 4 1
57575332 4 1
57611231 3 1
57611673 3 -1
57612135 3 1
57613726 5 1
57614111 4 1
57614252 5 1
57614662 5 1
57615162 3 1
57622453 1 1
57622461 3 1
57622751 4 1
57623713 2 1
57626125 3 1
57633477 3 1
57635716 5 1
57642735 4 -1
57643647 4 1
57643776 4 -1
57645137 5 1
57645421 4 1
57646345 4 1
57646566 5 1
57651267 3 0
57651534 3 -1
57652751 2 1
57654366 2 -1
57654511 4 0
57655232 3 1
57655234 4 1
57656312 3 1
57657266 4 -1
57657474 7 -1
57661317 5 -1
57661333 2 -1
57663447 4 1
57664627 5 1
57666575 3 -1
57667312 3 0
57671411 4 0
57671564 6 1
57675175 4 1
57676362 5 1
57676542 6 1
57676615 4 -1
57677415 4 -1
57677754 5 1
57711331 2 1
57711543 3 1
57712325 3 1
57714262 4 1
57714413 4 -1
57714573 3 1
57715355 4 1
57716667 4 1
57721172 4 0
57722413 4 1
57723424 4 1
57723467 6 1
57723715 2 -1
57724174 2 0
57724764 4 1
57725163 4 0
57725446 5 1
57726371 4 0
57726456 5 1
57732543 2 -1
57735452 1 1
57741371 3 1
57742653 4 1
57743271 2 1
57744122 4 1
57744153 2 1
57744253 1 0
57744337 1 0
57744633 5 1
57744651 5 1
57745321 2 1
57746327 5 1
57746424 4 -1
57747422 4 -1
57751266 5 1
57751271 5 0
57752251 3 1
57753126 3 1
57753736 2 1
57754233 4 1
57757331 3 1
57763144 4 1
57763311 2 0
57763756 4 1
57766155 6 1
57771537 4 1
57774332 4 1
57775231 4 1
57775431 5 1
57776614 4 -1
61111176 6 0
61112216 3 0
61115777 4 1
61116226 4 1
61117266 4 1
61122566 2 1
61126376 4 1
61127146 4 1
61136725 3 1
61137251 1 -1
61137317 4 1
61141337 2 -1
61142225 4 1
61142573 3 1
61143173 4 -1
61143617 1 0
61145323 3 -1
61146336 2 -1
61146577 1 1
61151237 3 1
61152247 4 0
61153115 3 1
61154277 4 1
61156137 5 1
61157374 2 1
61157435 3 1
61161557 1 1
61162534 4 0
61163424 1 -1
61163525 1 -1
61163531 3 1
61166321 3 0
61172255 5 0
61172332 3 1
61174353 4 -1
61176527 2 1
61177474 1 -1
61214423 4 1
61214632 3 1
61217371 1 1
61221167 4 1
61223616 6 0
61224671 4 1
61224757 5 1
61225133 2 0
61227243 4 1
61227572 1 -1
61227771 4 1
61233766 3 1
61237337 3 1
61237641 3 1
61237764 4 1
61241757 2 0
61242173 6 1
61242375 4 1
61242767 1 1
61243615 4 0
61245117 4 0
61245325 2 1
61245352 5 1
61245675 4 -1
61246643 1 1
61247766 4 1
61251351 3 1
61252732 2 0
61253224 4 1
61253357 5 1
61253473 4 0
61253571 1 -1
61254253 3 1
61255472 5 1
61255572 1 -1
61256171 1 -1
61261722 3 -1
61263375 5 -1
61263415 4 0
61264246 5 1
61264255 1 1
61264732 3 1
61265562 4 1
61266244 5 1
61266745 4 1
61267224 4 -1
61271161 3 1
61271574 4 1
61271661 4 1
61272177 2 1
61272532 2 0
61272661 3 1
61274634 4 1
61275311 3 1
61275335 3 1
61275713 5 1
61314774 6 1
61315552 3 1
61315615 3 1
61315725 3 1
61317367 3 0
61321312 1 1
61323254 6 1
61324414 4 -1
61325163 6 1
61332327 3 1
61332564 3 1
61334375 4 -1
61335255 3 1
61336361 4 1
61336563 3 1
61337443 6 1
61337525 3 -1
61337664 4 0
61337761 3 0
61341544 4 0
61343466 3 1
61345537 3 1
61346543 4 1
61353744 3 1
61354677 4 0
61355242 5 1
61356355 1 -1
61357732 5 1
61361743 4 1
61362664 4 1
61363127 3 1
61363147 3 1
61364223 4 1
61364243 4 1
61366771 3 1
61367521 3 1
61371545 5 1
61372115 3 1
61373521 5 1
61373633 2 1
61375443 4 1
61375636 3 1
61377354 4 0
61411466 5 1
61413572 3 1
61413664 3 1
61417367 6 1
61426256 1 1
61426315 4 1
61431173 6 1
61432157 2 1
61432355 3 1
61434312 4 1
61434753 4 1
61435323 3 1
61435664 5 1
61436643 4 1
61437232 4 1
61437445 3 1
61441334 3 -1
61442166 5 1
61442245 5 -1
61444523 3 1
61445552 1 1
61446674 1 -1
61447471 7 1
61447745 6 1
61451224 4 0
61451226 4 -1
61451544 4 0
61453173 6 0
61454315 4 1
61454515 5 0
61456751 4 1
61456753 4 1
61457217 4 1
61457474 7 -1
61461323 7 1
61462446 5 1
61463263 3 1
61463344 2 0
61463462 4 1
61467677 4 1
61472234 3 1
61472247 4 1
61472341 4 1
61474325 3 1
61474376 4 1
61512165 1 1
61512234 4 0
61512736 5 1
61514776 5 1
61515743 4 1
61521561 4 1
61523633 2 1
61525727 4 1
61532177 3 1
61532474 4 -1
61532736 3 1
61533227 4 1
61535762 4 1
61537276 1 -1
61537673 7 1
61543671 4 -1
61544235 4 1
61544437 4 0
61545361 2 0
61545722 4 1
61546354 2 -1
61547635 4 -1
61547763 2 1
61552612 4 1
61553254 4 1
61553716 5 1
61561714 1 -1
61562157 5 1
61562273 3 1
61562645 1 1
61563624 4 -1
61564336 2 1
61567317 2 1
61572123 5 1
61572161 1 1
61572236 3 1
61572636 5 1
61573573 6 1
61575223 4 1
61575323 3 1
61575362 4 1
61575764 5 1
61576217 4 1
61576316 5 1
61576417 3 1
61577251 4 1
61611125 2 0
61612115 2 1
61612774 4 1
61613545 5 1
61614324 4 0
61614623 3 1
61614754 6 1
61615124 1 -1
61615643 4 1
61616543 4 1
61621456 3 -1
61622234 4 1
61622372 4 1
61625431 3 1
61626217 4 1
61627646 1 1
61632675 5 0
61633243 6 1
61634752 5 1
61637133 4 1
61637223 4 1
61637245 5 1
61642462 4 1
61644247 3 1
61644577 2 1
61644721 4 1
61645475 6 -1
61645521 5 1
61645554 6 1
61647152 3 1
61647331 2 -1
61652357 5 1
61661631 3 1
61671162 3 1
61672735 3 1
61675212 4 1
61676145 4 1
61676371 7 1
61712347 3 1
61712543 3 1
61713254 6 1
61713524 3 1
61717413 2 -1
61721135 3 1
61721156 3 0
61721667 4 1
61723634 3 1
61724166 4 1
61725124 3 -1
61727514 3 -1
61732263 4 -1
61732545 4 0
61732661 4 1
61733426 3 1
61733435 2 1
61734212 6 1
61734737 6 1
61735417 2 -1
61736742 6 1
61742622 4 0
61743437 3 -1
61743731 3 1
61745642 3 -1
61747244 3 -1
61747264 3 -1
61747513 2 1
61751416 1 0
61751427 4 1
61752232 3 -1
61752316 5 1
61755323 3 1
61756357 6 1
61757462 3 1
61762553 2 1
61762611 6 0
61763167 3 1
61763414 4 -1
61764446 4 0
61767423 3 -1
61773665 5 1
61775564 6 1
61776366 4 1
61776433 3 1
61776516 5 -1
62111373 4 -1
62111447 4 1
62111474 4 -1
62111563 4 1
62112362 4 1
62113214 3 0
62113413 2 -1
62114137 3 1
62115421 2 1
62115711 4 1
62117515 3 -1
62123671 3 -1
62124136 3 1
62125663 3 0
62126344 1 -1
62126714 2 1
62127322 5 1
62131143 3 1
62134471 3 1
62134523 3 1
62135172 5 1
62142366 5 -1
62142547 3 1
62143562 2 1
62145122 4 1
62146265 3 1
62146423 5 0
62147574 3 -1
62151375 4 -1
62151435 1 0
62152744 4 1
62153435 3 1
62153552 3 -1
62155243 5 1
62161255 4 1
62161273 1 0
62163145 1 -1
62165277 2 1
62165457 5 1
62165613 1 -1
62166557 5 1
62166744 4 0
62172373 3 0
62176133 2 1
62176514 3 1
62177122 2 0
62211276 4 1
62213343 3 1
62214242 5 1
62214626 5 1
62215131 1 1
62215424 3 -1
62215675 3 -1
62216332 4 1
62217561 2 1
62221147 3 1
62221152 4 1
62221154 4 1
62221735 2 -1
62224573 4 1
62224725 4 1
62231154 5 1
62231467 5 1
62233745 3 1
62235663 1 -1
62236373 3 -1
62241241 3 1
62241457 4 -1
62245121 3 1
62245275 5 -1
62245425 3 -1
62246431 4 1
62251632 5 -1
62251775 3 -1
62252273 4 0
62252753 4 1
62253326 2 -1
62254361 4 1
62254473 4 0
62254654 4 1
62256113 4 1
62256137 3 1
62261476 3 -1
62261645 4 1
62263162 3 1
62263511 3 1
62263514 4 1
62265467 4 1
62271157 4 1
62272456 2 1
62272771 2 1
62273346 4 1
62273514 4 1
62274757 7 1
62275463 1 1
62276513 4 1
62311167 4 1
62311444 4 1
62312136 3 1
62314274 3 1
62315722 3 1
62322754 4 1
62323246 2 1
62323523 2 -1
62326631 3 1
62327274 2 -1
62332235 3 1
62334265 5 -1
62334625 3 -1
62335723 5 1
62337317 2 -1
62337441 4 1
62337557 3 1
62337754 5 -1
62342171 6 1
62342477 6 0
62342571 2 1
62343214 4 0
62344355 4 0
62344456 4 -1
62346136 3 1
62346343 4 1
62346547 5 1
62351357 5 1
62351527 6 0
62351637 1 0
62351775 1 -1
62352524 2 1
62353174 3 1
62354533 5 -1
62355436 2 1
62355447 3 1
62355725 3 1
62357475 3 -1
62357556 3 -1
62362774 2 0
62363154 3 1
62363273 2 -1
62363737 4 1
62364377 4 1
62364553 5 1
62365763 5 1
62367127 4 1
62367553 3 1
62367721 4 1
62371545 3 -1
62373347 4 1
62373535 6 1
62375416 4 0
62377472 2 0
62412763 1 1
62414656 1 1
62415247 4 1
62416256 1 1
62425144 1 1
62427744 6 1
62431725 4 1
62432652 4 1
62432756 4 0
62433671 2 1
62434475 4 0
62437464 6 1
62441457 4 -1
62441533 5 -1
62445512 1 1
62446677 4 1
62447327 2 1
62451112 4 -1
62451113 3 1
62453164 4 1
62455364 6 1
62455767 6 1
62456371 5 1
62461447 3 1
62461455 1 1
62461572 5 -1
62461575 4 -1
62461772 2 0
62462377 4 1
62464131 4 1
62464211 5 1
62464255 1 1
62471432 2 0
62472327 2 1
62473723 4 1
62474324 2 0
62474431 2 1
62475346 4 1
62476536 4 1
62477616 4 0
62512464 3 -1
62513613 3 1
62514763 5 1
62515332 4 1
62516111 4 1
62522744 5 1
62524324 5 1
62524713 3 0
62525341 5 1
62525744 5 1
62532434 1 -1
62532523 2 1
62532677 1 1
62533562 4 1
62535473 1 -1
62535746 5 1
62535761 4 1
62535771 4 0
62536112 4 1
62536246 4 1
62536541 6 1
62537427 1 0
62541111 4 0
62541224 4 -1
62543177 4 1
62544634 4 -1
62545174 3 -1
62545725 6 0
62545742 3 1
62545763 1 1
62551643 4 1
62552165 4 1
62553324 2 -1
62554115 1 1
62554252 2 1
62554553 2 1
62561221 4 1
62562215 4 1
62564162 1 1
62564414 1 1
62565443 1 -1
62566363 5 1
62567357 5 1
62571765 3 0
62574162 6 1
62575377 5 1
62575655 4 1
62577215 4 -1
62577771 4 1
62616574 3 1
62616727 3 1
62617215 5 -1
62621313 1 -1
62621426 4 1
62623335 5 1
62624577 2 1
62624737 6 1
62625221 4 1
62625713 3 1
62625774 5 1
62631715 4 1
62632116 4 1
62637525 4 0
62641175 3 0
62643165 3 1
62644165 3 1
62644237 4 1
62644477 1 -1
62645353 1 -1
62651167 5 1
62651174 3 0
62652243 4 1
62654522 6 1
62654753 4 1
62656111 5 1
62656243 4 1
62664154 1 1
62664532 4 -1
62671437 1 1
62671455 6 1
62674141 3 1
62674456 4 1
62675362 4 1
62677251 4 1
62712465 3 1
62712515 6 -1
62714275 4 1
62714473 7 1
62716435 5 1
62722416 4 0
62726571 1 -1
62726575 6 1
62727535 2 -1
62734462 6 1
62735521 1 -1
62736146 4 1
62737151 1 -1
62741412 1 -1
62741775 3 -1
62742227 3 0
62742417 6 -1
62743223 4 -1
62743657 5 0
62744146 3 1
62752635 3 -1
62753444 4 1
62753574 3 -1
62754124 4 0
62754375 5 0
62756471 3 1
62763225 1 -1
62765161 3 1
62766217 4 0
62767651 7 1
62767745 4 -1
62771121 4 1
62774313 2 1
62774362 6 1
62774734 4 1
62775113 1 -1
62776171 4 1
62776231 3 1
62776665 2 0
62777513 4 -1
62777551 4 1
63112722 1 -1
63113675 3 1
63114117 3 1
63114252 4 1
63117136 4 1
63117623 4 -1
63122247 4 1
63125267 3 1
63131714 2 0
63131721 1 -1
63131743 3 -1
63132216 1 -1
63134247 4 1
63135267 5 -1
63135676 3 -1
63136266 5 -1
63137572 4 -1
63141445 2 1
63141772 5 0
63142652 4 -1
63143237 5 1
63143242 5 1
63143453 4 -1
63144177 6 1
63145271 4 1
63145431 4 1
63145571 4 0
63146212 5 -1
63147541 2 1
63152155 3 1
63152335 2 -1
63156222 4 0
63157134 2 1
63161146 4 -1
63161357 1 -1
63161467 1 0
63161634 1 -1
63164736 3 -1
63165566 4 -1
63166456 5 -1
63166636 3 -1
63171524 3 1
63171534 2 1
63172134 3 1
63173225 4 1
63173447 1 1
63177552 4 0
63212342 2 0
63213324 3 1
63214164 4 0
63214172 4 1
63215262 4 1
63215321 3 1
63216253 5 1
63216662 3 -1
63216712 2 1
63221122 3 -1
63223475 6 1
63224136 3 1
63224177 3 1
63224665 4 0
63227544 3 -1
63233645 3 1
63233671 3 1
63234532 4 1
63235472 4 -1
63235777 5 -1
63236743 3 -1
63241237 2 1
63241677 4 0
63242446 4 1
63245327 3 1
63245562 4 0
63246213 4 -1
63247326 2 1
63247463 3 -1
63251711 3 1
63254133 5 1
63255714 4 1
63256727 3 1
63257311 1 -1
63257354 2 1
63261141 3 0
63261474 4 -1
63266427 4 1
63266472 4 0
63271445 3 1
63272315 2 1
63272534 1 1
63272564 5 1
63273211 3 1
63273454 4 1
63274156 4 0
63275343 3 -1
63275514 4 0
63275527 2 -1
63312344 5 -1
63316147 3 1
63316312 4 -1
63316765 5 1
63321146 5 1
63322434 1 -1
63322652 5 1
63322667 4 -1
63323555 4 1
63324766 3 1
63324774 4 1
63325141 4 1
63325332 4 1
63325515 3 0
63332247 1 -1
63332565 1 -1
63334722 1 -1
63335241 2 1
63341641 4 1
63341767 3 1
63345462 1 -1
63345541 2 -1
63345715 5 1
63352566 5 1
63352571 3 1
63353272 4 1
63354155 4 1
63354323 3 -1
63354427 4 1
63354752 4 1
63355617 3 1
63356267 4 1
63357244 3 1
63357654 2 1
63361416 1 -1
63361716 6 -1
63362153 2 1
63365347 5 1
63366113 4 0
63367252 1 0
63367615 2 -1
63372425 1 1
63373531 5 1
63374222 4 1
63374375 6 1
63376737 7 1
63377121 3 1
63411155 3 1
63413414 3 -1
63417666 4 1
63423456 5 1
63427214 3 1
63427721 3 1
63432312 3 -1
63435122 4 1
63435611 5 1
63435625 4 0
63442155 3 0
63442367 2 -1
63443166 4 1
63444222 4 1
63444254 5 1
63444275 3 1
63445265 6 1
63445617 5 -1
63447512 4 -1
63447515 6 -1
63451443 6 1
63451612 4 0
63451754 4 1
63452111 3 1
63452136 4 1
63452515 5 -1
63453327 4 1
63453765 3 1
63454451 4 0
63455412 4 1
63455551 3 1
63455576 3 1
63456736 3 1
63461224 4 -1
63462275 3 -1
63462574 5 -1
63463154 4 1
63463175 5 1
63463421 4 1
63464171 4 1
63464272 4 1
63465351 5 1
63466653 4 1
63466714 3 -1
63466755 4 0
63471652 3 -1
63472451 3 -1
63474722 4 1
63474731 4 1
63476146 1 1
63476152 5 1
63476475 4 1
63477573 5 1
63511144 4 1
63511275 1 -1
63511461 2 1
63511764 2 1
63512544 3 0
63513162 4 1
63514325 3 1
63514436 4 1
63521344 5 1
63522777 3 1
63523346 4 1
63523666 4 1
63525762 4 1
63527262 2 -1
63527452 1 1
63531273 3 1
63532217 2 -1
63532355 3 1
63533124 2 1
63533575 2 0
63534772 5 0
63536177 6 1
63536744 6 1
63542142 4 1
63542554 6 1
63542612 4 -1
63542633 5 -1
63543136 2 1
63543656 5 1
63544425 4 0
63546762 1 1
63551124 4 -1
63551143 4 1
63551272 5 1
63551566 4 -1
63552676 5 -1
63554613 4 1
63554771 3 0
63555661 4 1
63561544 3 -1
63563174 2 -1
63564263 5 1
63571243 2 -1
63572614 4 0
63572667 5 -1
63573712 5 1
63574763 6 1
63576172 4 1
63576614 5 1
63611445 2 1
63613411 2 -1
63613567 5 1
63616527 5 1
63617161 1 1
63617162 4 1
63621351 5 1
63623146 4 1
63625231 4 1
63625326 4 1
63627675 4 -1
63632257 2 -1
63632612 3 -1
63634227 3 1
63634254 6 1
63636473 3 -1
63641711 4 1
63642274 3 -1
63642371 3 1
63642553 6 1
63643114 2 -1
63645646 5 1
63646425 5 1
63647255 1 -1
63647441 2 0
63647533 2 1
63651661 2 -1
63656752 4 1
63657527 3 1
63663222 4 -1
63665443 4 1
63672337 2 1
63673724 3 1
63674351 5 1
63675157 5 1
63677111 4 1
63711156 2 -1
63712211 6 1
63712565 5 1
63714724 3 1
63715215 1 -1
63716357 6 1
63716715 3 1
63717647 4 1
63721455 4 0
63725511 5 1
63736372 3 -1
63736753 3 1
63741246 5 -1
63742236 3 -1
63744742 1 -1
63751522 3 -1
63751677 2 -1
63752563 5 -1
63753151 2 1
63753341 5 1
63754323 3 -1
63754357 5 1
63755344 5 -1
63755673 3 1
63757165 6 1
63757575 5 -1
63761143 4 1
63763763 4 1
63765427 5 -1
63767457 3 -1
63767754 3 -1
63771156 3 1
63773656 5 1
63774142 4 1
63774434 3 -1
64112277 4 0
64113234 3 1
64113542 3 1
64114215 3 0
64114411 4 0
64114517 4 1
64115365 5 1
64117632 4 -1
64123217 1 1
64124243 5 1
64124352 4 1
64124537 5 1
64125771 4 0
64126141 1 1
64126637 4 1
64132171 4 -1
64132452 3 -1
64132647 2 1
64133317 3 0
64133517 2 1
64137126 4 -1
64143416 4 -1
64144231 6 1
64145143 4 1
64145717 1 -1
64146724 4 -1
64153423 2 -1
64155131 5 1
64155562 3 -1
64157325 4 0
64157367 2 1
64157417 4 -1
64161763 1 0
64165652 5 -1
64166154 5 -1
64167145 4 1
64167432 1 -1
64171515 4 1
64171613 4 1
64174651 4 1
64175411 3 -1
64175525 4 -1
64175552 4 1
64175755 4 -1
64176174 4 1
64176636 3 -1
64177351 6 1
64211441 1 -1
64211775 4 1
64213342 4 1
64214562 4 1
64215136 4 0
64215355 4 1
64215654 4 0
64222312 4 -1
64223771 4 0
64224245 4 1
64231353 3 -1
64235451 5 1
64235622 5 1
64236226 4 1
64236337 2 1
64236343 3 -1
64236745 5 1
64236775 4 1
64237752 4 0
64241346 3 -1
64241457 4 -1
64241642 1 -1
64243123 2 -1
64245254 4 -1
64245727 2 1
64246365 5 1
64246514 4 -1
64247326 2 -1
64251144 4 1
64251436 4 -1
64252134 2 1
64252371 4 1
64253545 5 -1
64253642 4 1
64255732 4 1
64256455 4 -1
64256535 5 -1
64257513 4 0
64262147 1 1
64262274 4 -1
64263253 4 -1
64263635 3 1
64263727 4 1
64264557 4 1
64266673 4 0
64271527 2 1
64273455 6 -1
64274712 4 1
64274751 4 1
64275272 4 -1
64276313 3 1
64276521 3 1
64277166 4 1
64277342 4 1
64312172 4 0
64314256 2 1
64314574 4 0
64314754 4 0
64316312 3 1
64316337 3 1
64317456 3 -1
64322261 4 1
64322636 3 1
64323221 3 1
64323617 3 1
64323713 3 0
64324711 2 1
64331676 3 -1
64331761 3 1
64332317 4 -1
64332625 2 0
64332735 2 1
64333115 5 1
64334735 3 1
64335561 5 1
64335754 5 1
64335762 5 1
64336461 3 1
64337214 3 -1
64337227 3 1
64343456 4 -1
64344536 3 1
64344713 4 1
64345441 1 -1
64347632 3 -1
64351222 4 1
64351776 4 0
64353323 4 -1
64354156 4 1
64356242 3 1
64356251 4 1
64356456 5 1
64356517 5 1
64362223 4 0
64362434 4 -1
64363272 3 1
64364677 6 1
64365147 4 1
64365767 4 0
64366335 4 1
64366553 5 1
64367512 3 -1
64371475 4 1
64373325 4 1
64373644 3 0
64375132 3 1
64376175 3 1
64376335 3 1
64376462 1 1
64377455 3 -1
64411645 3 1
64413745 3 1
64415353 2 0
64415411 4 0
64417531 4 1
64421422 5 1
64421727 1 1
64422775 3 1
64424713 5 1
64426736 6 1
64427236 4 1
64427621 3 1
64432265 3 1
64432332 3 1
64432454 2 -1
64432576 4 1
64433363 5 0
64434613 4 1
64435516 4 1
64435733 4 1
64436144 2 1
64436364 1 0
64437732 1 -1
64441231 4 0
64441442 3 -1
64446234 1 -1
64451174 4 0
64451733 4 1
64451773 2 1
64452276 4 1
64455177 3 0
64455227 3 1
64455254 3 0
64456673 2 -1
64457121 4 1
64462356 4 1
64462715 2 1
64464335 2 1
64466231 2 1
64466622 4 1
64467243 1 -1
64467253 1 -1
64471564 4 1
64471712 2 1
64473173 3 1
64473211 2 1
64473331 3 1
64473463 3 -1
64475526 4 1
64476535 5 1
64477651 2 0
64477722 6 1
64511356 2 -1
64512312 2 0
64512425 2 -1
64512615 4 -1
64513752 4 1
64515246 3 0
64515335 2 -1
64515522 4 -1
64516241 3 1
64516712 3 1
64521242 2 1
64521273 5 1
64523444 3 -1
64525124 3 -1
64525214 4 -1
64525433 5 1
64525521 3 0
64526363 1 1
64526671 3 -1
64527311 4 1
64531712 5 1
64532461 4 1
64534234 1 1
64534472 1 -1
64536316 5 -1
64536373 3 -1
64537262 1 -1
64541337 4 1
64542453 4 -1
64543714 4 -1
64544322 3 1
64545566 4 -1
64545716 4 -1
64547222 4 -1
64547621 4 -1
64551143 5 1
64551212 1 -1
64551357 3 1
64551673 4 -1
64553233 5 -1
64555246 5 1
64555637 4 1
64556455 6 1
64556664 4 -1
64557422 5 -1
64562253 3 1
64563212 4 -1
64563257 5 1
64563622 3 -1
64565111 5 1
64565743 5 1
64566226 3 -1
64571212 5 -1
64572357 4 1
64573345 3 0
64573351 5 1
64575446 5 1
64575447 5 1
64576566 5 1
64577761 5 1
64612745 3 1
64612751 4 1
64616214 3 1
64616277 3 1
64616325 3 1
64616457 5 1
64616472 3 1
64616744 4 1
64617427 4 -1
64622233 6 1
64622441 3 1
64623517 5 1
64624243 1 -1
64627436 2 -1
64631543 2 0
64631544 2 -1
64631712 5 1
64631764 4 1
64632472 3 -1
64632517 4 1
64633141 2 1
64635122 5 1
64635144 2 -1
64636313 3 0
64636316 4 0
64637154 2 -1
64637657 4 1
64641713 1 1
64642431 4 -1
64645132 4 1
64645674 4 -1
64647172 3 -1
64653377 3 1
64655225 3 0
64661731 4 1
64662477 1 -1
64663525 3 1
64665711 4 -1
64667415 2 -1
64672351 5 1
64673175 3 1
64673311 3 1
64674454 1 -1
64674637 3 1
64677666 4 1
64711337 2 -1
64711532 2 1
64712735 3 1
64713622 4 -1
64715346 2 -1
64717234 4 -1
64717322 4 1
64721374 5 -1
64721564 3 -1
64721616 3 -1
64721776 4 -1
64722625 3 -1
64723567 3 1
64724174 3 -1
64724326 1 -1
64725121 3 -1
64726475 3 -1
64726651 3 -1
64731571 2 -1
64732244 4 0
64732354 2 -1
64733212 5 -1
64733614 4 -1
64736143 2 -1
64736754 4 -1
64737312 5 -1
64737551 2 1
64741452 4 -1
64742662 5 -1
64742713 4 -1
64743113 4 -1
64743611 3 -1
64743772 2 -1
64745136 3 -1
64745241 3 -1
64745372 1 -1
64745533 6 -1
64747631 3 -1
64747727 4 -1
64747754 4 -1
64751325 4 0
64751431 4 -1
64751653 2 0
64751755 3 -1
64753355 3 -1
64755634 4 1
64756567 5 1
64756732 3 1
64761754 5 -1
64762312 3 -1
64762733 4 -1
64765251 3 0
64765611 4 -1
64767121 6 1
64767425 5 -1
64771273 5 -1
64771633 4 -1
64772652 4 -1
64772674 1 -1
64774353 4 1
64777235 2 0
65111527 4 1
65111552 4 0
65112663 3 0
65112743 2 1
65113475 3 0
65115254 3 1
65115437 4 1
65117227 4 0
65117452 3 1
65121677 5 -1
65123413 5 0
65123521 5 -1
65124513 1 0
65124772 4 -1
65125147 5 1
65127614 3 -1
65127647 4 -1
65131647 1 -1
65132214 1 1
65132514 1 1
65134432 3 1
65135672 4 0
65137226 4 -1
65141251 3 -1
65143113 4 -1
65143477 4 -1
65145542 3 0
65146624 4 -1
65147645 4 0
65151265 5 -1
65151426 4 -1
65152324 2 1
65152675 5 -1
65153175 5 -1
65153324 4 -1
65153427 3 -1
65153556 2 1
65154447 6 1
65155353 4 1
65155631 2 1
65156347 3 1
65162414 5 -1
65164667 3 1
65166234 3 1
65171446 4 1
65171652 5 1
65172712 1 1
65173134 3 1
65173575 5 -1
65174617 4 1
65175275 3 -1
65176256 1 0
65177762 6 1
65212274 4 1
65213344 2 -1
65214675 4 -1
65215262 6 1
65216742 4 1
65217244 5 -1
65221567 5 1
65222437 4 1
65222514 4 0
65224457 4 1
65224513 4 -1
65226452 6 1
65231621 5 1
65231647 4 1
65232331 5 1
65232446 3 1
65234247 4 1
65235765 3 1
65236475 6 1
65236527 1 1
65237262 3 -1
65237354 2 1
65237725 6 -1
65241263 3 1
65241324 2 1
65241331 4 1
65242556 2 1
65243141 3 1
65243245 5 1
65243741 3 1
65244776 2 1
65246416 4 -1
65246675 5 -1
65247124 2 1
65247433 5 -1
65247642 4 1
65247721 2 1
65251457 4 1
65251611 3 1
65252532 5 -1
65253372 2 -1
65257441 5 1
65257445 5 -1
65261463 3 0
65262113 2 1
65263545 5 1
65264217 4 1
65264257 1 1
65266756 5 1
65271234 4 -1
65271551 2 1
65272114 2 1
65273235 3 1
65275117 5 1
65275163 5 1
65275437 3 1
65276753 3 1
65277456 5 1
65311136 3 1
65311145 3 1
65311254 4 1
65311731 5 1
65314131 1 1
65316776 5 1
65321354 5 1
65321613 1 -1
65323415 3 1
65323516 3 1
65323747 3 1
65324577 5 0
65325167 6 1
65325223 3 1
65325313 3 1
65325314 5 1
65331274 4 -1
65331644 5 1
65331776 4 -1
65332517 5 1
65333271 5 1
65334137 5 1
65336571 6 1
65337234 2 1
65341521 5 1
65343413 4 -1
65345523 2 -1
65346241 3 1
65347121 3 1
65347143 4 1
65347226 4 1
65347445 3 1
65347625 4 -1
65351733 5 0
65352367 3 1
65352657 1 1
65353761 3 1
65354661 4 0
65356733 5 0
65357127 1 -1
65361265 1 -1
65363276 3 1
65363374 4 0
65364237 3 1
65364665 1 -1
65366573 1 -1
65367243 4 -1
65367672 3 -1
65367752 5 1
65371422 4 -1
65372471 2 1
65374474 4 -1
65377251 3 1
65411411 4 -1
65411731 3 1
65412571 5 0
65413152 4 1
65414124 4 0
65414461 4 1
65416757 6 1
65417716 5 0
65417735 4 0
65421623 4 1
65421635 4 -1
65422343 4 1
65422355 4 1
65423732 3 1
65424342 3 1
65425453 2 1
65426555 6 1
65427745 4 1
65431254 4 1
65431353 3 1
65433165 5 1
65435134 4 1
65435217 4 1
65436544 6 0
65437341 4 1
65437412 4 -1
65441777 4 1
65442165 6 0
65442247 1 1
65443342 5 1
65446652 5 1
65447375 5 -1
65447573 5 -1
65451225 5 -1
65452276 3 -1
65452322 5 1
65453212 2 -1
65454127 4 1
65455742 4 1
65457325 5 -1
65457747 4 1
65461471 4 -1
65462212 4 1
65463757 3 1
65465673 6 1
65466725 1 -1
65471172 4 1
65471231 6 1
65471272 4 -1
65471672 4 1
65471713 1 1
65472525 5 -1
65474163 5 1
65474652 4 1
65474663 4 1
65476133 6 1
65477161 4 1
65477356 5 1
65512111 5 1
65513752 3 1
65514174 4 -1
65522173 4 1
65522471 3 1
65527217 1 -1
65527573 4 -1
65527727 2 1
65532235 6 1
65532711 3 1
65533373 4 -1
65534125 4 1
65534156 5 1
65534346 4 1
65534615 3 1
65534623 5 1
65534637 5 1
65534764 4 1
65534776 5 1
65535617 5 1
65536345 1 -1
65536537 2 1
65537527 3 1
65537542 4 1
65541736 5 1
65542147 2 1
65542646 4 1
65543236 2 1
65543427 4 1
65544345 2 1
65545133 5 1
65556326 6 -1
65556744 5 -1
65561673 6 0
65561767 5 1
65562342 5 1
65564345 4 1
65564423 4 1
65564432 4 1
65565415 3 1
65565631 5 1
65572673 5 1
65573222 3 1
65577262 6 1
65577542 4 0
65612431 3 1
65612765 1 1
65614644 4 1
65616322 3 1
65616672 2 1
65617141 1 1
65617652 1 0
65621323 4 0
65621436 4 1
65622246 2 -1
65622376 4 0
65625322 4 1
65625343 3 1
65626272 2 -1
65626641 2 1
65627212 2 -1
65632263 5 1
65634643 4 1
65635422 3 1
65635475 2 -1
65635622 6 1
65641723 4 1
65643255 5 1
65643325 6 -1
65644242 3 1
65644636 3 1
65644712 3 1
65646617 3 1
65651314 2 -1
65651664 1 -1
65655367 3 1
65656272 7 1
65657333 6 1
65661634 3 0
65662434 4 -1
65664271 4 1
65664677 4 1
65665227 4 1
65672327 3 1
65672756 3 1
65673123 6 1
65673761 3 1
65674354 4 1
65674444 6 1
65675216 1 0
65675332 4 1
65675754 2 1
65677665 4 -1
65677715 5 1
65712323 6 1
65712414 1 -1
65715163 4 1
65715214 3 1
65717572 6 1
65721456 3 -1
65721622 5 -1
65721674 3 -1
65723716 5 0
65724325 5 1
65724623 5 1
65724673 3 1
65725415 3 -1
65726623 4 0
65731246 3 0
65731664 2 -1
65733721 5 1
65735647 3 1
65736637 4 1
65744112 3 0
65744425 4 -1
65745314 2 -1
65751317 2 -1
65752327 6 -1
65752426 4 -1
65752435 5 -1
65752717 4 -1
65752736 6 -1
65753133 1 -1
65756413 2 -1
65756622 5 -1
65761722 4 -1
65763244 3 -1
65763347 1 0
65764132 5 0
65764547 4 1
65766351 4 1
65767415 4 -1
65767463 2 0
65771122 6 1
65772574 4 -1
65773643 1 0
65775332 4 1
65777164 6 1
65777355 4 1
66111236 4 1
66111341 3 1
66111642 5 1
66112152 4 1
66112377 2 1
66113367 4 1
66115276 6 1
66115435 3 -1
66116253 3 1
66116557 5 1
66117242 4 1
66121564 3 -1
66121735 1 0
66122664 4 1
66123543 3 -1
66123544 5 -1
66124274 4 -1
66125473 5 1
66127154 4 -1
66132425 2 1
66136445 2 0
66136677 5 -1
66136716 1 -1
66141645 1 1
66142241 4 1
66142325 2 1
66143555 3 -1
66143737 3 0
66144546 4 1
66146717 4 0
66152311 3 1
66153261 3 1
66153441 4 1
66153616 6 -1
66155267 5 1
66155374 2 0
66157125 5 -1
66161246 6 -1
66162753 5 -1
66162757 7 -1
66163552 5 0
66165117 4 -1
66167561 5 0
66171271 4 1
66171274 4 -1
66171316 4 -1
66176221 3 1
66211364 4 0
66211435 4 0
66213565 1 -1
66214536 4 -1
66215156 4 1
66216732 4 0
66222353 3 1
66225331 3 1
66225353 4 1
66233244 4 -1
66234134 4 1
66235132 3 1
66237731 4 1
66241354 4 -1
66242123 3 1
66242736 2 1
66245247 4 1
66246353 4 0
66246374 6 -1
66251153 2 1
66254537 4 1
66256131 3 1
66257325 2 -1
66257326 2 -1
66257673 6 -1
66261655 6 -1
66266372 5 1
66271432 4 -1
66273377 4 1
66274115 4 0
66274263 4 1
66275124 4 1
66277325 3 1
66312134 3 1
66312153 5 1
66312263 1 -1
66312355 5 0
66314367 3 1
66315537 3 1
66315723 3 1
66322153 5 1
66324113 4 1
66327743 4 1
66331477 4 -1
66333241 4 1
66334512 3 -1
66337475 5 -1
66341732 3 1
66343331 4 0
66344732 3 1
66345355 5 -1
66345711 4 0
66346116 3 -1
66347532 3 1
66351777 3 1
66354375 4 -1
66354411 3 1
66356142 4 1
66357212 5 -1
66361221 5 1
66364715 3 1
66365623 6 -1
66371671 4 1
66372276 4 1
66375442 2 1
66376134 3 1
66411417 1 -1
66411727 3 0
66411733 4 1
66413135 5 1
66415141 1 1
66421255 1 1
66424513 2 1
66424657 4 1
66425761 5 1
66431674 6 -1
66432116 4 1
66432146 3 1
66432152 5 1
66434147 3 1
66435122 5 1
66435737 5 0
66436434 5 -1
66436575 4 0
66442457 5 -1
66443376 1 1
66447123 4 1
66451165 4 1
66454737 1 1
66456633 5 -1
66456733 1 1
66457732 5 0
66462621 6 0
66471515 1 0
66472137 3 1
66473175 3 1
66474326 2 1
66475374 3 -1
66475375 5 0
66511135 3 1
66512252 4 1
66516327 3 -1
66521552 4 1
66522113 4 1
66523372 3 1
66523432 3 1
66524516 1 1
66531454 5 1
66532371 3 1
66533437 2 1
66535211 2 1
66542211 4 -1
66543612 3 -1
66544124 4 0
66546124 5 -1
66546213 4 1
66547125 4 -1
66552246 1 1
66556456 4 -1
66557214 4 -1
66563132 3 1
66563571 5 -1
66565267 3 1
66566273 1 1
66566751 3 1
66571343 3 -1
66572166 3 0
66572445 4 1
66573174 4 0
66574655 4 -1
66574721 4 1
66575545 6 -1
66575646 6 -1
66576144 5 1
66614733 3 1
66615716 3 -1
66621461 4 1
66622231 3 1
66623273 3 1
66623663 3 -1
66624537 3 1
66625456 5 1
66625774 3 0
66627745 4 1
66632477 4 1
66641327 4 1
66642143 4 1
66643125 4 1
66645562 4 0
66647721 4 1
66652146 1 -1
66653415 4 0
66653472 4 1
66653537 1 0
66655362 4 1
66657263 4 -1
66667647 4 1
66671354 3 0
66671437 4 1
66672316 1 -1
66672471 4 1
66674414 3 1
66674532 3 1
66675134 4 1
66675454 5 1
66676437 4 1
66711234 4 0
66711275 6 1
66712516 5 -1
66712765 5 -1
66714443 3 1
66716451 4 0
66717172 4 1
66717445 4 1
66721477 4 -1
66721714 3 -1
66724561 4 1
66727341 7 1
66734264 4 1
66735333 5 1
66736557 4 1
66737144 7 1
66742564 5 -1
66744357 4 1
66744511 4 1
66744515 4 0
66745753 5 1
66746264 3 -1
66751246 4 -1
66751253 4 0
66752653 5 1
66752711 4 1
66754472 4 -1
66754524 7 -1
66754623 4 -1
66755125 5 -1
66755216 6 -1
66755631 6 1
66756354 2 1
66756753 4 1
66757714 2 -1
66761155 5 -1
66762524 2 -1
66765552 5 1
66773454 5 -1
66774144 4 1
66775554 4 -1
67112467 2 1
67112552 4 1
67112625 3 1
67113121 1 -1
67113122 3 1
67113332 2 1
67113344 1 1
67113756 5 1
67115157 4 1
67115515 5 0
67115631 5 1
67116446 3 1
67117114 6 1
67117726 4 0
67122351 3 0
67123175 3 1
67124233 4 1
67125135 3 1
67126262 2 1
67126523 4 1
67127321 4 1
67131321 1 -1
67133363 3 -1
67133556 3 1
67134251 5 1
67135422 3 0
67135771 5 1
67141336 1 0
67142117 4 0
67142422 2 -1
67142567 2 1
67143751 4 0
67146676 4 1
67146713 1 1
67146763 4 1
67147556 5 1
67151335 1 1
67152544 4 -1
67154255 3 -1
67154362 3 1
67154742 2 1
67155475 4 -1
67156415 6 1
67157147 2 1
67157363 4 1
67157433 4 0
67162522 3 1
67162657 7 -1
67163467 4 1
67164164 3 1
67165162 3 1
67165212 1 -1
67165313 1 -1
67165347 4 -1
67165376 3 -1
67165411 4 -1
67167347 3 0
67172623 1 -1
67173712 7 1
67176114 4 0
67177443 4 1
67211644 1 -1
67212552 5 1
67213132 3 1
67213177 4 1
67213671 3 1
67213756 5 1
67214636 2 1
67217444 4 1
67217642 4 0
67222647 3 1
67224413 3 -1
67225147 5 1
67226167 4 1
67226534 3 1
67231466 4 1
67234445 5 1
67234754 4 -1
67235132 3 1
67235742 4 0
67236131 3 1
67241254 1 -1
67243751 2 1
67245423 2 1
67246757 7 -1
67246765 4 1
67251624 2 1
67253246 3 1
67253456 2 1
67254321 2 1
67256262 5 1
67256572 6 1
67257542 1 1
67263752 3 1
67265461 4 0
67266237 4 1
67271544 4 1
67273724 7 -1
67277632 4 1
67311643 4 1
67314423 2 0
67314577 4 1
67315255 3 1
67321454 4 -1
67321556 5 1
67322527 2 1
67324673 4 1
67325367 6 1
67325526 3 1
67325756 5 1
67326164 5 1
67326476 4 1
67327155 5 1
67327522 3 1
67333572 5 1
67333656 6 1
67334766 1 1
67337743 1 1
67341512 1 1
67345651 5 1
67345711 4 0
67346224 4 1
67347151 6 1
67352314 4 0
67352423 3 1
67353115 3 1
67354224 4 1
67356245 5 1
67356351 6 1
67357413 4 0
67361431 3 0
67361514 4 0
67361746 1 1
67362432 3 1
67363256 3 1
67364723 2 1
67366371 3 1
67366447 3 1
67366715 4 1
67372334 2 1
67376437 7 0
67376445 3 1
67413262 6 1
67413744 3 1
67414276 3 1
67414323 4 1
67415323 4 0
67415441 5 1
67416217 5 1
67416451 6 1
67417157 5 1
67417172 3 1
67421754 5 1
67422731 3 1
67423777 3 1
67425364 4 1
67426377 4 1
67427634 4 1
67427761 3 1
67431265 3 1
67432373 3 -1
67433421 4 1
67436447 1 1
67446452 6 1
67451322 3 0
67451734 4 1
67452731 6 1
67452746 1 1
67454451 4 0
67456247 4 1
67456476 4 -1
67461637 1 1
67462175 4 0
67462752 5 1
67464733 1 1
67466425 1 -1
67472146 3 1
67472175 5 1
67472331 3 1
67472531 6 1
67474232 4 1
67511462 3 1
67512574 4 0
67515137 5 1
67515212 4 1
67516354 2 1
67521145 4 1
67521462 5 1
67521764 2 1
67522531 3 1
67524323 3 1
67524371 2 1
67524457 5 1
67525361 4 1
67525733 5 1
67527321 4 1
67532146 4 0
67533754 5 1
67534466 4 -1
67535251 4 1
67537112 4 -1
67541145 5 1
67541332 4 1
67542157 5 1
67544253 1 1
67545164 5 1
67545674 5 1
67545763 3 1
67546127 2 1
67547725 4 -1
67554721 2 1
67556124 5 1
67556215 3 -1
67557163 6 1
67557722 5 0
67561224 4 1
67561364 3 0
67561466 4 -1
67562336 6 -1
67562526 2 -1
67562777 4 1
67563166 5 1
67564517 4 1
67564727 7 1
67565114 5 1
67566117 4 1
67566411 4 0
67566724 4 1
67567165 5 1
67567745 4 1
67571154 5 1
67571246 4 1
67572713 7 -1
67573225 3 1
67574262 6 1
67574322 4 0
67612435 3 1
67613347 6 1
67614473 6 1
67614774 6 1
67617433 4 1
67621373 2 -1
67621447 2 1
67622415 3 1
67623335 5 1
67624232 2 1
67624331 3 1
67625267 3 1
67625432 5 1
67626711 3 1
67632611 6 -1
67632615 5 0
67634366 3 1
67634472 6 1
67634554 4 1
67635127 3 1
67635736 5 1
67635743 6 1
67641252 5 1
67642225 4 1
67643261 5 1
67643644 6 1
67644526 4 1
67647374 2 -1
67651124 2 1
67651315 3 1
67651535 5 0
67651627 3 1
67652512 5 1
67654543 4 1
67655316 3 1
67656721 3 1
67662613 1 -1
67662675 5 -1
67663125 5 0
67664323 4 0
67671265 3 1
67673127 7 1
67674264 3 1
67675515 4 -1
67675756 7 -1
67676234 3 1
67712553 3 1
67713461 4 1
67715144 4 1
67721316 3 -1
67725523 5 -1
67726314 5 1
67726455 6 1
67727264 3 -1
67727512 2 -1
67727551 4 1
67731167 4 1
67732451 2 1
67732511 3 1
67733626 1 -1
67734552 4 1
67735524 3 0
67736567 4 1
67741347 2 1
67743562 4 1
67743753 4 -1
67745133 4 0
67751372 4 0
67754152 4 1
67755235 6 1
67756442 3 1
67757137 3 1
67757435 5 1
67761112 6 1
67761144 3 1
67764621 2 -1
67766337 1 0
67766356 3 -1
67772243 4 0
67774215 4 1
67776225 6 1
67777325 5 1
71112562 5 0
71114643 3 1
71115641 4 1
71124112 2 1
71124727 7 1
71124764 4 1
71131721 4 1
71132565 3 -1
71132643 3 0
71133474 2 -1
71134242 4 1
71134755 4 1
71135147 3 1
71135233 4 1
71136243 4 1
71136371 4 1
71136441 2 1
71136661 4 1
71137233 4 -1
71141544 1 -1
71144334 2 -1
71145136 3 0
71146163 2 -1
71151246 1 1
71154255 4 0
71155342 3 1
71157475 3 -1
71162424 2 -1
71163327 3 0
71163715 1 1
71164125 4 1
71164175 4 1
71164246 4 1
71164324 1 -1
71165466 4 1
71166153 4 1
71167212 1 1
71172766 2 1
71173543 5 0
71174372 4 1
71175314 2 1
71177513 1 1
71212513 5 1
71214125 1 1
71214413 2 0
71214512 4 -1
71215771 1 0
71217432 4 -1
71221333 3 -1
71221476 4 -1
71221527 5 0
71222461 4 1
71223436 3 1
71224431 3 1
71224457 1 1
71224675 4 1
71226616 4 -1
71226715 5 -1
71231277 2 0
71231416 5 -1
71235165 6 1
71235472 4 0
71235674 2 1
71237744 5 0
71241331 4 1
71243157 4 0
71243161 1 -1
71245117 4 0
71245755 4 -1
71246615 4 0
71251423 6 1
71252517 2 1
71254525 5 -1
71254737 2 1
71255244 4 -1
71256323 6 1
71256635 6 -1
71257527 2 1
71261171 5 1
71261221 4 1
71262764 2 1
71263134 3 1
71264255 4 1
71265237 3 1
71265563 5 1
71267117 2 0
71267573 4 1
71271124 2 1
71271667 2 1
71271723 2 1
71272674 2 1
71273443 3 1
71274166 4 1
71275224 4 0
71275452 2 0
71276332 4 1
71312742 3 1
71313612 3 1
71313657 3 1
71315636 3 1
71315653 2 1
71317227 2 1
71317253 3 0
71317434 4 1
71317766 4 1
71324524 4 1
71325147 3 1
71325361 5 1
71325623 3 1
71327256 3 -1
71327536 2 1
71333127 3 1
71333456 4 1
71334664 4 1
71336172 6 1
71336517 5 0
71342424 4 -1
71342642 4 1
71343727 3 1
71345643 4 1
71346453 3 -1
71347651 3 1
71351615 1 1
71352125 2 1
71352215 2 -1
71353742 3 1
71354371 4 -1
71355253 3 1
71356343 4 -1
71357614 5 1
71364723 3 1
71365273 2 -1
71365517 2 -1
71366521 3 1
71367527 5 1
71372262 4 -1
71373547 3 1
71373764 3 0
71376621 2 0
71411273 4 1
71412361 1 1
71413225 5 1
71413473 5 1
71414525 4 1
71415232 4 1
71417113 4 1
71417556 4 1
71421326 4 1
71421567 4 1
71423345 4 1
71423533 4 0
71423655 5 -1
71424637 4 1
71425343 4 1
71426625 5 0
71427537 5 1
71427632 4 -1
71431157 3 1
71432273 4 0
71434715 4 1
71434751 4 1
71436116 4 1
71436165 5 1
71436226 3 1
71437635 4 1
71445142 5 1
71445631 4 1
71447257 4 1
71451123 4 1
71452413 4 1
71452512 4 -1
71452664 4 1
71453236 3 1
71453612 5 1
71453717 5 1
71455256 4 1
71455316 4 1
71456313 5 1
71457214 4 1
71462374 4 -1
71463164 3 0
71463231 4 1
71464261 7 1
71464552 5 1
71464562 5 1
71464752 4 1
71471631 3 1
71472626 2 1
71472652 4 1
71475625 4 1
71511134 3 0
71511445 4 1
71512337 4 1
71512664 4 1
71514472 7 1
71514723 3 1
71516172 1 -1
71521744 5 1
71522141 1 1
71522457 3 1
71523135 3 1
71523563 6 0
71524617 6 1
71525272 2 -1
71525426 3 1
71525614 3 0
71527335 4 1
71527345 7 1
71527743 2 1
71532416 6 1
71532435 3 1
71533135 3 1
71534233 2 1
71537451 2 0
71543262 4 0
71543434 4 -1
71544535 3 -1
71544747 4 1
71547743 2 0
71551723 2 1
71552741 1 1
71553542 4 0
71554271 7 1
71555122 4 1
71555231 6 1
71562775 3 -1
71563363 3 -1
71563516 2 -1
71564273 5 1
71567724 4 1
71571345 4 1
71572566 6 1
71573326 3 1
71574522 1 1
71612572 1 -1
71612726 6 1
71614561 1 1
71615414 2 -1
71615437 3 1
71617277 4 1
71621674 3 -1
71621675 6 1
71621763 4 1
71622454 3 -1
71622551 5 1
71622553 4 1
71622646 4 1
71623132 3 1
71624612 4 1
71625255 3 0
71627355 1 -1
71632635 3 1
71642446 1 -1
71643741 4 1
71645133 4 -1
71645433 3 -1
71651626 5 -1
71651651 5 1
71651723 3 1
71653437 3 1
71654423 4 -1
71656461 4 1
71656536 3 -1
71657562 6 1
71661357 2 1
71661546 4 -1
71661726 6 1
71663665 3 1
71664554 4 -1
71665153 5 1
71665753 5 1
71667146 7 1
71667441 4 1
71672674 4 -1
71674131 1 1
71674346 4 1
71675634 5 -1
71676531 6 1
71712735 2 1
71713127 1 0
71714763 6 1
71716234 2 0
71717143 1 1
71721223 4 1
71721246 2 1
71722521 2 1
71722666 2 1
71723635 2 1
71724511 2 1
71725163 1 -1
71725543 7 1
71726422 3 -1
71727566 6 1
71732161 1 1
71733271 4 1
71735265 1 -1
71741232 2 -1
71742112 4 -1
71744547 3 1
71746221 3 0
71751122 5 0
71751536 3 1
71752745 2 0
71754436 4 1
71754466 4 -1
71756442 3 0
71756756 5 1
71762176 1 1
71762354 2 1
71763563 6 1
71763656 6 0
71764253 5 1
71765427 4 1
71767117 4 1
71767637 4 -1
71771656 5 -1
71773664 4 1
71776142 6 1
71776731 4 1
72112237 2 1
72113613 2 -1
72113733 3 -1
72116346 4 1
72117537 5 0
72117761 4 1
72121332 2 0
72122767 4 1
72123525 1 -1
72123743 1 -1
72131352 5 1
72131442 5 -1
72132141 4 1
72132314 5 -1
72132654 4 1
72133664 5 1
72134444 1 0
72134457 5 1
72134477 4 1
72135257 3 1
72137456 2 1
72141312 5 0
72141454 4 -1
72143251 2 -1
72143354 1 -1
72145245 4 1
72145327 4 1
72145357 2 1
72145373 5 0
72145732 4 -1
72146435 4 -1
72147562 3 -1
72151344 1 1
72152472 3 -1
72153374 5 -1
72154637 5 1
72155134 3 1
72156353 4 -1
72156576 5 -1
72156733 5 -1
72157664 3 1
72161565 1 0
72164323 3 1
72164776 4 1
72165344 3 -1
72165625 5 -1
72166125 4 1
72166357 2 1
72166553 4 1
72167263 3 0
72173144 2 0
72175355 3 1
72176716 1 0
72177651 2 -1
72211717 1 1
72212631 1 1
72212667 2 1
72213261 5 1
72213435 4 1
72213466 4 1
72213676 2 1
72214141 1 1
72214371 4 1
72215433 3 1
72215667 4 1
72217522 3 1
72223673 6 -1
72223773 4 -1
72224365 4 1
72225343 2 1
72225653 5 1
72226344 4 1
72233467 1 -1
72233732 3 1
72237147 4 1
72243264 6 -1
72244422 1 -1
72244651 3 1
72244771 3 -1
72246332 1 -1
72247676 1 1
72253641 4 1
72254461 4 0
72255161 5 1
72255275 2 -1
72257435 5 0
72263473 3 1
72263553 3 1
72263643 2 -1
72264353 3 1
72265313 3 1
72265542 4 1
72271773 4 1
72277533 3 1
72311676 3 -1
72314266 3 1
72316173 6 1
72321146 3 -1
72321756 3 -1
72322231 3 1
72324472 2 -1
72324575 2 -1
72324714 4 -1
72325736 3 1
72326334 4 -1
72327215 2 -1
72327614 3 -1
72332137 3 1
72335237 5 1
72337131 2 1
72337315 5 -1
72346662 4 1
72347332 4 -1
72347365 5 1
72347451 4 -1
72351362 2 -1
72352153 2 1
72353154 4 1
72353731 4 1
72354777 2 0
72355512 1 -1
72362464 1 1
72363543 2 -1
72364545 4 1
72364757 5 0
72365177 2 0
72365243 2 -1
72371416 4 1
72371556 3 1
72371561 3 0
72372553 2 1
72372713 3 1
72373135 4 1
72374512 5 0
72375151 4 1
72375431 3 1
72375441 3 1
72375725 4 -1
72376244 3 1
72377341 2 0
72412327 2 1
72414665 5 1
72415653 4 1
72415775 4 1
72417173 5 1
72417264 7 1
72421115 4 -1
72422633 4 -1
72423432 2 -1
72424333 6 1
72424415 2 -1
72425243 2 1
72425717 2 1
72425733 4 1
72431623 3 1
72431743 4 1
72432537 5 1
72433457 4 1
72434117 1 1
72435625 5 1
72437152 7 1
72437255 7 1
72437326 3 1
72437514 4 -1
72441131 2 -1
72441773 4 1
72442376 2 1
72442735 4 1
72445441 5 1
72445711 2 1
72446431 3 0
72447256 2 -1
72447375 4 1
72447652 2 -1
72452627 2 1
72453161 3 1
72453761 3 1
72454165 4 1
72454171 4 1
72454233 4 1
72454661 5 1
72456151 5 1
72456363 6 1
72461246 4 1
72461464 4 1
72464367 4 1
72465135 5 -1
72465332 3 1
72466642 2 1
72467321 2 1
72467763 4 1
72511315 4 1
72512363 1 -1
72514634 3 -1
72515476 3 1
72516317 1 -1
72516351 1 -1
72517562 7 1
72521355 6 1
72522533 2 -1
72523126 3 0
72524371 7 1
72525162 2 -1
72526216 2 1
72526333 1 -1
72526723 1 1
72527621 1 -1
72532214 4 1
72537664 1 1
72541657 5 1
72543514 3 -1
72543515 3 -1
72543733 4 -1
72544145 3 1
72546277 4 0
72546323 1 -1
72546412 2 -1
72546534 3 -1
72551222 6 -1
72554344 4 0
72554641 4 1
72555176 4 1
72556626 5 -1
72557472 2 -1
72562271 2 0
72563766 3 -1
72564273 5 0
72564311 2 1
72564554 6 0
72564733 3 -1
72565716 5 1
72566276 2 -1
72571433 3 -1
72571614 4 1
72572433 3 1
72572466 5 1
72574631 5 1
72576163 1 -1
72576255 2 -1
72577765 6 1
72611456 3 -1
72611672 4 0
72615217 3 0
72616245 4 1
72616426 3 0
72623374 4 -1
72623467 4 1
72623565 3 -1
72624176 7 1
72625671 7 1
72626417 4 1
72627367 4 1
72632576 4 -1
72637144 7 1
72642152 3 -1
72643357 5 -1
72643412 1 -1
72643535 3 1
72644243 1 -1
72647162 3 -1
72647756 1 -1
72651141 4 1
72651261 4 -1
72651511 3 -1
72652551 4 1
72652611 5 0
72653462 5 1
72654342 4 1
72655123 4 1
72655154 3 1
72655213 4 -1
72655643 5 1
72656415 3 -1
72657243 3 1
72657366 4 -1
72661211 2 -1
72661642 4 1
72663114 4 0
72667342 7 1
72671354 4 1
72673274 4 -1
72673726 2 1
72674561 4 1
72676415 3 1
72676425 3 1
72677512 4 -1
72714634 3 -1
72714673 4 1
72716522 2 1
72717654 3 1
72723425 3 0
72724452 2 -1
72724511 4 -1
72724614 7 0
72725167 3 0
72726634 2 -1
72727332 2 1
72731166 4 1
72733126 4 1
72734541 4 1
72735552 4 1
72735667 6 1
72736663 4 1
72741232 2 -1
72743364 3 -1
72743642 6 1
72743743 4 0
72744423 1 -1
72745667 4 1
72746231 4 -1
72747514 3 -1
72751714 3 -1
72752323 4 -1
72752343 3 1
72752753 4 1
72753177 3 0
72753611 3 1
72754546 4 1
72761334 5 1
72761444 4 1
72763225 5 0
72764331 2 1
72764355 5 0
72764755 5 -1
72765153 4 1
72767142 4 1
72774615 4 1
72775173 4 1
72776531 5 1
73113324 4 -1
73113525 3 1
73114427 2 -1
73114472 2 1
73114621 4 1
73115216 3 0
73115224 5 1
73115567 6 1
73116175 3 1
73116417 4 0
73124447 4 1
73131722 3 -1
73132451 3 0
73134154 5 1
73135242 4 1
73135333 5 1
73136177 4 1
73136566 5 -1
73142757 5 1
73143366 4 -1
73143631 5 1
73145151 3 1
73147167 4 -1
73151422 6 -1
73152744 4 1
73153251 4 1
73154723 3 1
73155372 4 -1
73162324 5 -1
73164212 2 1
73164532 4 1
73165416 1 -1
73165542 3 -1
73166543 3 1
73172212 1 -1
73174353 3 -1
73174457 5 1
73175542 2 1
73176422 4 0
73214566 4 0
73215311 2 -1
73215516 3 -1
73216214 4 1
73216621 4 1
73217534 6 1
73222445 6 0
73223531 2 1
73223553 4 1
73224115 5 0
73225136 3 1
73226742 6 1
73231626 2 1
73232573 3 -1
73235513 3 -1
73235664 3 1
73243754 4 1
73244224 4 0
73244451 2 0
73244525 6 0
73245725 2 1
73246135 4 1
73246533 5 1
73246743 3 1
73247315 6 -1
73253124 6 1
73255516 4 -1
73256163 2 1
73257525 5 -1
73257526 4 -1
73261456 5 0
73262114 5 1
73264435 3 1
73264767 2 1
73265171 3 1
73273324 4 -1
73273426 5 1
73274323 3 0
73275342 4 1
73276174 4 0
73276475 4 1
73311325 2 -1
73312125 5 1
73312726 2 1
73313453 2 1
73313651 2 1
73314347 4 1
73315247 2 1
73315524 3 1
73316256 1 -1
73316641 4 1
73316721 5 1
73316751 2 1
73321365 4 -1
73322474 1 -1
73323177 4 1
73325756 1 1
73325767 1 1
73326313 4 -1
73326456 1 -1
73326542 6 1
73331445 1 -1
73331551 2 1
73331577 4 -1
73331727 5 -1
73335651 4 1
73341413 5 -1
73342221 3 1
73345154 2 -1
73345216 4 1
73345674 4 1
73346534 2 1
73351155 4 1
73351471 1 -1
73351733 4 1
73352411 6 1
73352465 3 1
73352571 1 1
73354254 3 1
73356746 5 1
73357571 3 1
73362561 4 1
73362624 5 -1
73363127 3 1
73363767 3 1
73366357 5 1
73367114 1 -1
73367244 3 1
73371455 3 1
73375244 4 1
73377115 4 1
73411115 3 1
73411436 3 1
73412174 4 1
73412257 4 1
73412366 4 1
73412536 4 1
73412723 2 1
73412725 2 1
73413427 6 1
73414725 3 1
73416346 4 1
73416516 5 1
73416567 3 1
73417247 2 1
73421125 5 1
73421432 2 1
73422411 2 1
73422641 3 1
73425235 4 1
73426167 6 1
73426173 7 1
73426177 6 1
73426675 3 1
73427131 4 1
73431225 3 1
73431513 3 -1
73431636 4 0
73435216 2 -1
73436317 3 1
73443325 4 -1
73444536 4 1
73445274 7 1
73445647 4 1
73445674 4 -1
73446215 4 -1
73446466 1 1
73446555 4 -1
73446636 4 1
73446677 4 1
73447335 5 -1
73447565 5 -1
73447643 6 0
73451722 5 1
73452423 2 1
73453561 5 1
73454133 4 1
73455164 4 1
73455263 5 1
73455375 4 0
73456226 5 1
73456521 4 0
73456541 5 1
73461236 3 1
73461452 3 -1
73461765 3 1
73463632 2 1
73464216 4 1
73464252 4 1
73467654 3 -1
73471757 7 1
73472231 6 1
73472614 2 -1
73473134 1 1
73473552 4 1
73474577 4 1
73475253 5 1
73475652 4 1
73476214 4 1
73511137 4 1
73511453 2 0
73513667 2 1
73516564 2 -1
73521357 3 1
73522651 4 1
73523136 4 1
73523775 4 -1
73524641 3 1
73526661 1 -1
73526757 5 1
73531113 3 -1
73531276 5 -1
73531411 3 -1
73533511 4 0
73534642 4 1
73536451 2 -1
73541153 5 1
73541414 4 -1
73541733 5 1
73542417 4 -1
73543167 2 1
73543374 4 -1
73543666 4 1
73544512 2 1
73546356 3 1
73546415 3 -1
73547171 2 0
73547365 4 -1
73547421 4 -1
73551134 3 1
73551324 3 -1
73551431 3 1
73551714 1 -1
73553413 4 -1
73553427 3 1
73553526 5 1
73554212 2 1
73562271 3 0
73562642 6 -1
73562671 5 0
73562734 4 1
73563144 4 1
73563222 2 0
73563566 3 1
73564735 6 1
73565654 4 1
73571532 3 1
73573651 2 1
73575316 5 1
73576672 1 1
73611644 4 1
73613447 2 1
73614516 5 1
73617215 4 -1
73617434 2 -1
73617626 4 0
73621122 5 1
73623343 4 1
73624413 4 1
73625165 1 -1
73625651 1 -1
73626755 6 1
73631516 5 -1
73631555 1 -1
73632256 3 1
73634274 7 1
73636756 3 1
73637152 1 -1
73637521 5 -1
73642451 4 -1
73642612 3 -1
73642664 6 -1
73643317 4 -1
73644442 1 -1
73646627 4 1
73652717 5 1
73652742 4 1
73654114 4 1
73654246 4 1
73655126 2 1
73655231 4 1
73655443 2 0
73655723 5 1
73656276 4 -1
73656654 2 1
73666115 5 1
73666156 2 0
73666357 5 1
73672463 3 1
73672655 6 1
73673156 2 1
73674473 6 1
73675332 1 1
73675413 5 -1
73676275 4 1
73712254 4 0
73712451 2 1
73713265 4 1
73716236 4 1
73721343 3 -1
73721562 4 -1
73722127 4 1
73722155 4 1
73722575 4 0
73722655 5 -1
73724163 7 1
73724256 5 0
73724454 7 1
73724633 3 0
73724761 6 1
73725157 4 1
73725675 3 -1
73725746 5 1
73726727 4 1
73733331 4 -1
73734537 5 1
73734724 3 -1
73735264 1 -1
73742562 3 1
73746315 2 -1
73751342 5 -1
73752112 5 -1
73753444 1 -1
73754215 5 0
73754425 4 -1
73755455 1 -1
73755651 4 1
73763653 3 -1
73763753 3 -1
73765251 4 1
73773367 1 -1
73774154 4 1
73774423 3 -1
73774462 4 1
73774556 4 1
74112214 7 -1
74112651 4 -1
74113126 3 -1
74113166 4 -1
74113546 4 1
74116525 4 -1
74116736 4 0
74117551 3 -1
74123111 3 -1
74123647 1 1
74123716 4 1
74123736 3 1
74125313 5 1
74126233 2 -1
74126537 3 1
74126614 1 -1
74132534 6 -1
74132732 4 -1
74132762 4 0
74134433 5 -1
74134437 2 -1
74134654 4 -1
74135772 2 1
74136274 5 -1
74137131 5 1
74137776 5 -1
74143175 4 -1
74143776 6 -1
74146231 2 -1
74146362 5 -1
74146527 4 -1
74151651 3 -1
74155566 3 -1
74155612 3 1
74156245 3 0
74156324 4 1
74161665 3 -1
74162372 5 -1
74163176 3 -1
74164232 6 1
74164572 3 1
74165463 4 -1
74165474 4 -1
74166413 5 -1
74171437 1 1
74171642 2 1
74173353 5 -1
74175554 1 -1
74175754 5 -1
74176237 1 -1
74213164 4 -1
74213413 1 -1
74213736 2 1
74214446 6 1
74214557 5 1
74216533 4 0
74221471 7 1
74222172 4 -1
74222333 2 -1
74222764 6 -1
74223351 5 -1
74223477 3 -1
74223564 4 -1
74225173 4 0
74226467 4 -1
74226517 4 -1
74231123 2 1
74231156 4 1
74232164 4 0
74232265 5 1
74232715 6 1
74233372 5 -1
74234257 4 1
74236247 4 1
74237321 2 1
74243357 5 -1
74244175 4 1
74244326 5 1
74244611 2 -1
74246262 2 -1
74247526 3 -1
74251256 3 -1
74251674 3 -1
74254553 6 1
74255531 4 0
74256147 4 1
74256331 4 1
74257132 2 -1
74257321 6 1
74257462 4 -1
74262651 2 0
74262725 3 1
74264442 6 1
74264652 4 1
74264675 3 -1
74264763 5 1
74265256 5 1
74265342 6 1
74265577 4 -1
74265737 5 -1
74266477 4 -1
74271465 4 -1
74271534 4 -1
74273336 2 1
74273364 3 -1
74273365 3 -1
74273667 6 1
74274511 2 1
74275376 5 1
74276255 4 -1
74276524 2 1
74276751 5 -1
74312145 4 1
74312212 4 -1
74312352 5 -1
74312525 2 1
74313127 3 1
74313554 3 1
74315274 4 -1
74321414 4 -1
74321542 4 1
74322475 4 1
74323376 3 -1
74324424 2 -1
74325217 4 -1
74326531 3 1
74327145 4 1
74327161 2 0
74332752 4 -1
74335241 4 1
74335361 4 -1
74335625 2 -1
74336472 3 -1
74337167 3 -1
74343175 3 1
74345657 5 1
74346222 6 -1
74352315 4 -1
74352744 4 0
74353434 4 -1
74355127 3 1
74356243 4 1
74356717 4 -1
74357517 3 -1
74361526 3 1
74363736 4 1
74365242 6 1
74366116 4 1
74367134 3 1
74367621 3 -1
74371233 4 -1
74371375 3 -1
74371634 3 1
74373257 3 1
74374575 4 0
74375614 4 -1
74376741 7 0
74377426 1 -1
74412265 6 1
74412335 6 1
74412515 5 1
74413163 4 1
74413465 4 0
74413562 6 1
74421715 3 0
74422144 3 1
74422616 5 1
74424653 1 1
74424663 1 -1
74425722 4 1
74427753 1 0
74431331 2 1
74431734 2 -1
74433616 5 -1
74436615 2 0
74437725 6 1
74442163 4 1
74443654 5 -1
74447135 4 0
74454371 1 -1
74455626 3 1
74456211 3 1
74456732 3 1
74457533 5 0
74457667 3 1
74464416 5 1
74465146 4 1
74466512 3 1
74475254 4 -1
74475324 4 1
74511564 2 -1
74512276 4 0
74513635 3 1
74514751 5 1
74515446 4 1
74516623 4 -1
74517565 2 -1
74521342 4 1
74521536 5 -1
74522142 3 1
74522456 5 1
74522671 3 1
74527731 2 0
74531417 1 -1
74533717 5 1
74537426 4 1
74537432 1 -1
74541411 4 -1
74544117 2 -1
74545252 4 1
74545433 4 -1
74546463 4 -1
74552233 4 -1
74552334 4 -1
74553342 4 1
74556365 6 -1
74556415 4 -1
74557227 2 -1
74557276 6 1
74557652 6 1
74561216 4 -1
74563366 4 1
74564664 4 0
74565746 4 1
74566723 3 1
74567456 5 -1
74567535 3 -1
74572653 4 1
74573552 4 0
74574154 4 -1
74576143 2 1
74611365 2 1
74612324 4 0
74612352 5 1
74615557 6 1
74617156 4 -1
74617313 2 -1
74617472 3 -1
74621245 3 -1
74621671 4 -1
74624527 3 1
74627756 1 -1
74633636 2 -1
74635226 1 -1
74636233 1 -1
74643624 4 -1
74644545 2 -1
74647254 4 -1
74651613 2 -1
74653136 7 1
74653146 4 1
74654412 3 -1
74654652 3 -1
74655235 4 1
74662432 2 -1
74662712 4 -1
74662761 4 1
74664737 6 1
74665627 4 -1
74667247 3 -1
74672113 4 1
74672342 4 1
74673125 3 1
74673424 4 -1
74674325 3 1
74675325 4 0
74676424 4 -1
74677752 4 -1
74713465 4 1
74714353 2 0
74715546 4 1
74716725 5 1
74717611 2 -1
74722441 3 1
74722511 3 0
74722517 3 0
74724246 5 1
74724767 1 -1
74725431 4 -1
74727235 5 1
74731472 5 -1
74734114 2 -1
74734623 5 -1
74734652 1 1
74734746 5 1
74737667 5 -1
74741621 4 -1
74742363 3 -1
74743242 3 1
74744133 1 -1
74746127 4 -1
74746612 3 -1
74747724 4 -1
74751151 3 -1
74753157 6 1
74755262 3 -1
74756413 2 -1
74761746 6 -1
74762254 2 -1
74762441 4 1
75111527 4 1
75115466 4 -1
75117273 4 1
75121533 3 -1
75122167 4 0
75122461 3 1
75123424 4 -1
75124476 2 0
75125144 4 -1
75127526 5 1
75134162 4 1
75134317 1 1
75134361 4 -1
75134417 1 -1
75134542 4 1
75134666 4 1
75135621 4 1
75136525 5 -1
75136576 3 -1
75136763 6 1
75141631 3 1
75142273 6 -1
75142537 4 -1
75142656 3 -1
75143435 3 1
75144545 5 -1
75146145 5 1
75151332 4 -1
75152273 3 -1
75152315 5 -1
75152521 5 -1
75153475 5 -1
75153536 5 1
75153713 1 -1
75156241 4 0
75156471 4 -1
75156636 5 -1
75161145 5 1
75161152 5 1
75163271 3 1
75163553 4 1
75164745 2 1
75165474 3 -1
75166424 3 -1
75166547 5 1
75171147 2 1
75171255 1 0
75171472 3 -1
75171673 4 -1
75173761 5 1
75174233 5 -1
75175643 3 1
75177425 4 -1
75177517 1 -1
75211324 6 1
75212435 2 1
75214246 6 1
75221424 6 -1
75221563 3 -1
75221731 3 1
75223724 4 0
75224224 5 -1
75225774 5 0
75226676 5 -1
75227656 5 1
75231272 5 -1
75231773 5 -1
75232341 2 1
75232522 5 1
75233132 2 1
75236113 5 0
75237326 4 -1
75241357 6 1
75241731 2 1
75242431 2 1
75243357 5 1
75243626 2 1
75244123 6 1
75245323 6 1
75245361 4 1
75246172 4 0
75246451 4 1
75247143 6 1
75251347 4 -1
75251532 5 1
75252772 4 -1
75261143 4 1
75261565 5 -1
75262536 3 1
75262767 2 1
75263753 5 1
75266511 4 1
75271537 3 1
75274115 2 1
75274554 2 1
75275315 2 -1
75275411 2 1
75275611 3 1
75275627 2 1
75275731 1 1
75276617 4 1
75276765 5 1
75277361 3 1
75311444 4 0
75311744 5 -1
75312235 3 1
75312276 3 -1
75312626 5 1
75312632 3 1
75312761 3 1
75313435 4 1
75314521 2 -1
75315213 3 1
75316157 3 1
75316224 2 1
75321435 3 1
75321643 2 -1
75323462 6 1
75323676 3 1
75324141 4 1
75324621 4 1
75324646 4 1
75325217 3 1
75326671 3 1
75327536 3 1
75331123 3 0
75332252 3 0
75333177 5 1
75333744 1 1
75335132 3 1
75337217 5 -1
75341371 4 -1
75342466 5 -1
75342476 4 -1
75343235 4 1
75344573 5 0
75345142 4 1
75346676 5 -1
75346713 4 -1
75347526 5 1
75347562 3 -1
75354517 5 -1
75354733 1 -1
75356165 5 -1
75356353 5 -1
75356627 6 -1
75357453 4 0
75357722 2 -1
75364463 4 1
75365271 3 1
75367512 2 -1
75374227 2 1
75375731 3 1
75376437 3 1
75376457 3 1
75411154 4 0
75412214 5 -1
75412646 4 1
75413364 4 -1
75414674 4 1
75415627 5 1
75421477 4 0
75421767 4 1
75422111 7 1
75423213 4 -1
75424623 5 1
75425113 3 1
75425277 4 1
75427127 2 1
75427475 4 1
75427613 4 1
75433137 3 1
75433176 4 1
75433731 3 1
75434127 3 1
75435451 4 1
75442441 2 -1
75442665 5 1
75442667 2 1
75445433 1 -1
75446234 5 -1
75451222 4 1
75451416 1 -1
75452217 4 1
75457417 4 -1
75462617 2 1
75462634 3 1
75464175 4 1
75466132 4 1
75466433 4 1
75467231 2 1
75472135 2 -1
75475116 5 1
75475662 5 1
75476412 6 -1
75476516 4 0
75476655 5 0
75476656 6 0
75511615 1 0
75512476 3 1
75512742 1 0
75514576 4 1
75515643 4 1
75517313 4 1
75521164 3 1
75522754 3 1
75523166 3 1
75523625 3 1
75524211 4 -1
75531147 3 1
75533325 6 1
75535176 4 1
75537115 2 -1
75541267 3 0
75543367 5 1
75543647 3 1
75544763 2 1
75546336 2 1
75546337 2 1
75546754 5 1
75547147 6 1
75552642 4 1
75553374 4 -1
75555434 4 -1
75556713 3 1
75556741 4 0
75562223 4 0
75564466 5 0
75566141 4 1
75567235 5 1
75567345 5 1
75567567 6 1
75573267 3 1
75574542 4 1
75574665 5 0
75611617 5 0
75612137 3 1
75614172 6 1
75614234 4 -1
75614641 4 1
75616567 5 1
75617475 6 1
75617564 6 1
75623171 3 1
75624216 5 -1
75624263 5 1
75627417 3 -1
75631542 4 0
75631637 5 1
75632575 5 -1
75634245 4 1
75634476 4 -1
75634546 4 1
75637123 5 -1
75637326 5 -1
75641354 2 -1
75641447 6 1
75641727 4 -1
75642647 4 1
75643112 2 1
75643334 5 -1
75644157 3 0
75646114 4 1
75651745 5 -1
75652217 4 -1
75653311 3 -1
75654623 4 -1
75656325 5 -1
75657125 5 -1
75657212 4 -1
75657227 3 -1
75657261 6 1
75661635 5 -1
75662367 5 1
75665213 4 0
75666311 2 -1
75667563 2 -1
75667722 5 -1
75671271 2 -1
75671362 4 1
75672133 5 -1
75675465 3 -1
75675662 6 1
75676231 6 1
75676331 2 1
75676334 2 1
75712261 1 -1
75712266 1 -1
75712324 6 1
75713756 5 1
75714436 4 1
75714633 6 1
75716716 5 0
75717552 2 1
75721212 2 -1
75721323 4 -1
75724523 2 0
75724721 2 1
75726214 3 -1
75726517 3 -1
75727731 3 0
75731244 4 -1
75732214 6 -1
75732333 5 -1
75733216 4 1
75736327 5 1
75736473 2 1
75737771 4 -1
75741526 3 -1
75743136 3 1
75743332 2 1
75744324 6 -1
75744413 1 -1
75745447 2 1
75746363 2 -1
75751721 4 0
75752416 3 -1
75752612 4 0
75756114 4 -1
75761252 1 0
75761263 4 1
75764321 3 1
75764652 5 1
75766131 7 1
75766722 5 1
75771534 3 -1
76111654 4 -1
76112447 6 1
76112733 2 1
76114154 4 1
76116155 5 1
76116774 6 1
76117135 4 1
76117517 4 1
76121526 5 0
76122113 2 1
76122331 3 1
76124624 4 -1
76124657 5 -1
76124736 3 0
76127753 5 1
76127764 4 1
76131545 1 -1
76132162 3 -1
76132526 4 -1
76132621 4 0
76133356 2 -1
76133657 5 1
76134561 4 1
76135231 5 1
76141253 4 1
76141277 4 1
76141361 5 0
76142712 4 -1
76143316 1 -1
76145226 4 1
76145562 5 1
76152561 4 1
76155166 3 -1
76155225 5 0
76155715 1 0
76157142 4 1
76162156 6 -1
76163172 3 -1
76163217 1 -1
76163531 3 1
76163624 6 -1
76165323 6 -1
76166765 4 1
76167245 6 1
76171242 1 1
76172136 3 1
76172252 2 1
76174323 3 0
76174645 3 1
76175415 4 -1
76175745 6 -1
76176331 3 1
76176421 4 1
76211763 1 0
76212242 4 1
76213253 5 1
76213523 5 1
76215362 3 -1
76217547 4 1
76221246 4 1
76222115 5 1
76222155 4 1
76222415 3 -1
76225546 4 1
76226134 4 1
76226743 4 1
76227637 4 1
76231245 3 0
76232515 4 -1
76234211 3 -1
76234566 4 1
76235275 3 -1
76241213 5 -1
76241262 4 -1
76242711 2 1
76244265 3 1
76245336 3 1
76247136 3 -1
76247621 6 1
76251646 6 1
76252372 4 0
76254632 3 1
76256714 3 0
76261413 5 -1
76262524 3 1
76264321 2 0
76264337 1 -1
76264356 6 -1
76265763 5 1
76271752 5 0
76273154 2 0
76274446 3 1
76274511 4 1
76274715 4 1
76276517 4 1
76276564 3 1
76313676 6 1
76314365 4 1
76316521 3 1
76317164 4 1
76321417 4 1
76322141 2 1
76322347 3 1
76323713 6 -1
76324571 2 1
76325112 5 0
76325666 5 0
76333766 2 1
76337453 4 -1
76337577 3 -1
76341666 4 -1
76342313 3 -1
76342631 2 1
76343155 3 1
76344266 6 1
76346513 4 1
76351141 3 1
76352263 1 1
76352316 2 1
76352517 5 1
76353436 4 1
76354276 6 1
76355525 3 1
76356346 1 1
76356543 5 1
76357225 5 0
76361317 3 0
76362313 6 -1
76362357 3 1
76362452 4 -1
76363255 7 -1
76364253 4 -1
76364735 4 1
76364756 6 1
76365165 2 -1
76365346 6 1
76365361 1 -1
76365431 3 1
76372465 3 1
76373437 4 1
76376673 4 1
76377572 5 1
76412356 3 -1
76413162 4 1
76414473 4 1
76415421 4 1
76415564 2 1
76421423 4 1
76421442 6 -1
76421743 2 1
76423163 4 1
76423265 4 1
76424142 7 1
76426433 1 -1
76427363 4 1
76427472 4 1
76431621 2 0
76431744 4 1
76432253 4 -1
76432412 1 -1
76433246 4 1
76434112 3 1
76435567 5 1
76435666 5 0
76437512 4 1
76437656 6 -1
76442534 4 -1
76442552 4 1
76443721 3 1
76444431 4 0
76446155 2 1
76451624 4 1
76453642 4 1
76454265 5 1
76454543 3 1
76455421 4 0
76455714 4 1
76456223 4 1
76462115 5 0
76463316 6 1
76465313 3 -1
76465353 5 1
76466252 7 -1
76466563 5 1
76466713 4 1
76466773 4 1
76467437 2 1
76467742 4 1
76472532 3 1
76474417 2 1
76474553 3 1
76474666 2 1
76475412 4 -1
76475444 2 -1
76475673 5 0
76476114 4 1
76476415 6 1
76477567 4 1
76511571 5 1
76513637 2 1
76513762 3 1
76515272 4 -1
76516464 3 0
76517434 4 1
76521626 6 -1
76521754 5 1
76522133 3 1
76522731 5 1
76523174 2 1
76524146 4 1
76525452 6 1
76526133 2 -1
76527232 2 -1
76531272 3 0
76531475 3 -1
76532226 5 1
76535177 5 1
76535412 4 1
76536226 2 1
76541535 3 -1
76542146 4 1
76542314 4 -1
76543113 4 -1
76543362 3 1
76545332 1 1
76545537 4 -1
76546267 4 1
76553314 5 -1
76553413 5 -1
76554264 5 0
76554272 2 -1
76555375 3 0
76556713 3 0
76556751 4 1
76557443 4 1
76561214 4 -1
76561536 6 -1
76561735 6 -1
76562114 5 0
76563545 4 0
76571256 5 1
76572163 3 1
76573157 2 1
76574537 4 1
76577323 1 -1
76577472 6 -1
76611652 2 -1
76615246 4 1
76616523 4 1
76622765 4 1
76623341 4 1
76624522 4 1
76624533 4 1
76625412 4 1
76627124 3 1
76627221 4 1
76634741 3 1
76637221 4 1
76641431 4 -1
76641433 3 -1
76641634 4 -1
76642651 4 1
76644357 5 1
76646734 4 1
76647247 3 1
76647532 4 1
76651142 4 1
76652247 3 1
76652437 3 1
76652667 2 1
76653136 3 1
76653435 5 1
76654245 5 1
76655662 6 1
76661126 4 1
76665211 2 -1
76666512 2 1
76666545 1 1
76672535 4 1
76675773 5 1
76712154 2 1
76713553 5 1
76716241 7 1
76716521 2 1
76716534 4 1
76721245 6 0
76724241 4 1
76724553 4 1
76725134 2 1
76725256 5 1
76725372 3 0
76725743 5 1
76731132 3 1
76732541 3 1
76733521 4 1
76734255 5 0
76734575 4 1
76735375 6 1
76735456 5 1
76736515 4 -1
76741163 5 1
76741423 5 -1
76743363 7 1
76745116 5 -1
76753655 5 0
76754241 6 1
76757235 3 1
76757452 3 1
76761342 2 1
76761354 3 0
76762524 3 -1
76762547 4 1
76763431 6 1
76763443 4 1
76764525 1 0
76765352 5 1
76765615 6 -1
76771673 3 -1
76772246 3 1
76773161 5 1
76774223 4 1
76775214 4 1
76775477 5 0
77111124 4 0
77112262 4 1
77112522 4 1
77113223 3 1
77114263 4 1
77115617 5 0
77121436 4 1
77121521 2 1
77122564 3 0
77123166 2 0
77126415 3 -1
77132536 4 1
77133423 4 -1
77135443 3 0
77136151 5 1
77137365 5 -1
77142154 2 -1
77144132 2 1
77145163 6 1
77146736 3 -1
77147251 4 0
77147322 4 -1
77147565 4 -1
77151124 4 -1
77152653 4 1
77152675 4 -1
77153425 4 -1
77153456 5 1
77154313 1 1
77154547 3 1
77154764 6 -1
77155666 5 1
77156556 6 -1
77157122 4 -1
77157221 2 1
77161245 4 1
77161463 5 0
77161672 1 -1
77162416 1 -1
77164433 3 0
77164515 1 1
77165422 4 -1
77166215 1 1
77166766 7 1
77171637 7 -1
77174325 2 1
77175246 4 1
77177643 4 1
77212371 2 1
77212735 2 1
77213324 2 1
77215671 5 1
77216451 4 0
77217153 5 1
77221635 3 1
77222376 3 -1
77222763 2 1
77223263 4 1
77224425 4 -1
77226645 5 0
77231317 3 0
77232543 3 1
77234416 2 -1
77235455 2 1
77237651 5 1
77237722 2 -1
77237742 3 1
77241214 3 -1
77243357 3 -1
77243671 4 -1
77245634 4 -1
77246763 6 1
77247456 6 -1
77251145 4 1
77254114 4 -1
77254676 4 1
77255151 5 1
77255616 3 1
77256256 5 1
77256433 3 -1
77256471 4 0
77257124 2 1
77257345 4 -1
77264532 3 1
77265645 4 1
77266365 4 1
77271431 2 -1
77274664 3 1
77276141 7 1
77277546 4 1
77277623 2 1
77311262 2 1
77311622 4 1
77321137 3 1
77322153 3 1
77322657 5 0
77322674 4 1
77323374 4 0
77324173 2 0
77324747 7 1
77331364 3 -1
77331663 3 -1
77332567 5 1
77337545 4 -1
77341432 3 1
77343317 2 -1
77344537 3 1
77346541 4 1
77352124 2 1
77353152 6 1
77353332 5 1
77353455 3 1
77354434 1 -1
77356223 3 0
77356463 3 1
77356522 4 -1
77364157 3 1
77365117 5 1
77365123 3 1
77365367 3 1
77366413 6 0
77371216 1 1
77372123 2 1
77373464 3 -1
77411336 4 1
77412351 3 1
77413111 5 1
77413534 3 1
77414541 5 1
77415575 2 1
77416323 6 1
77416412 4 1
77417356 5 1
77421132 3 0
77421577 2 1
77421675 4 1
77422722 4 1
77424242 2 1
77425313 4 1
77425354 5 1
77426165 4 1
77427144 7 1
77427266 4 1
77431362 2 1
77431657 5 -1
77433472 3 1
77435623 4 0
77435743 4 1
77436677 4 1
77437242 4 1
77442644 3 1
77444523 3 1
77444661 4 1
77445246 4 1
77446262 6 1
77451264 6 -1
77451672 4 1
77451713 1 1
77453527 3 1
77454125 4 1
77454666 6 1
77456136 4 0
77472434 2 1
77474271 1 1
77475411 2 1
77475615 6 -1
77476443 6 1
77511334 2 -1
77511535 4 1
77512133 3 1
77513434 3 1
77514216 6 1
77514727 7 1
77521463 4 1
77523646 4 -1
77523654 4 1
77523662 3 -1
77525241 5 1
77525621 5 1
77531436 3 1
77532322 5 1
77532657 7 1
77535646 5 1
77536313 3 1
77541257 5 1
77542411 2 -1
77543547 2 -1
77544146 4 1
77544575 5 -1
77547212 4 -1
77551545 5 -1
77553451 3 0
77553475 7 -1
77553614 5 -1
77554135 1 1
77562262 3 1
77562663 5 1
77563567 4 1
77565243 4 1
77565256 2 1
77565434 5 1
77567444 4 -1
77571212 1 0
77573242 2 1
77573545 1 1
77573546 4 1
77574647 7 1
77575326 7 1
77611544 6 -1
77612243 3 1
77612244 4 -1
77612333 4 1
77613361 3 0
77613742 3 1
77614731 4 1
77616254 3 -1
77617222 4 1
77617664 4 -1
77622274 1 -1
77625437 5 1
77626454 2 -1
77627165 6 1
77631424 4 -1
77632437 3 1
77632665 5 1
77633725 5 1
77634374 6 1
77635156 5 1
77642352 4 0
77643232 3 1
77644245 3 1
77644271 3 -1
77644366 1 1
77647654 5 -1
77651141 2 1
77651263 4 1
77652512 4 -1
77653634 3 1
77654337 3 1
77654764 6 1
77654766 4 1
77655524 4 -1
77657544 6 -1
77661216 6 0
77661744 2 1
77662252 2 1
77663522 5 0
77665414 5 -1
77667224 3 -1
77674442 2 1
77675736 7 1
77711564 5 0
77712162 4 1
77713214 4 -1
77714412 4 1
77715355 4 1
77722164 3 -1
77722342 4 1
77722643 2 1
77725425 4 -1
77727324 1 -1
77733222 4 1
77742254 5 -1
77743563 4 -1
77745224 5 -1
77745423 4 -1
77757665 5 0
77762135 3 1
77762176 3 0
77762521 2 1
77763627 4 1
77766224 3 1
77766547 4 1
77772456 4 0
77775225 2 0
111113464 4 1
111143374 4 1
111263515 3 -1
111272631 2 1
111277367 2 1
111277466 4 -1
111334276 3 1
111457536 3 -1
111463655 3 1
111467247 1 1
111524234 4 1
111534356 3 0
111537615 2 -1
111551642 4 1
111563317 3 1
111576455 6 -1
111636754 2 0
111652535 5 -1
111662214 4 -1
111752467 4 1
111755354 1 -1
112122734 1 0
112143145 3 1
112165146 4 1
112166775 4 1
112212747 2 1
112223445 4 1
112223633 1 1
112242677 3 1
112424561 4 1
112436554 4 1
112443716 1 1
112453547 3 1
112471227 1 1
112476427 4 1
112513521 2 1
112522454 3 -1
112526377 1 -1
112536352 4 1
112555723 4 1
112612373 4 1
112617717 4 1
112633542 2 1
112634533 1 1
112635772 4 -1
112653535 5 -1
112661272 2 -1
112666521 2 1
112762437 4 1
113153552 4 1
113163427 5 1
113172515 2 1
113224135 2 1
113227622 5 -1
113257564 3 0
113261725 4 1
113264546 2 1
113314467 3 1
113365444 2 1
113433261 3 1
113441423 1 -1
113442627 4 1
113443772 1 1
113526631 4 1
113533636 2 1
113542157 4 1
113563334 2 0
113624346 4 1
113627545 4 -1
113637674 2 -1
113643126 2 1
113643613 2 -1
113671746 1 1
113723356 4 -1
113727546 4 1
113732312 3 -1
113752663 4 -1
113765263 4 -1
113774424 1 -1
114122624 3 -1
114124534 3 1
114126631 4 0
114134166 2 -1
114135713 2 1
114152266 1 -1
114153265 1 1
114153476 1 0
114176532 1 1
114231577 6 -1
114242373 4 0
114246256 1 -1
114246313 1 1
114252763 2 1
114271335 6 1
114272521 6 1
114312366 1 -1
114316227 4 1
114325636 3 1
114326766 4 1
114332643 3 -1
114357742 3 1
114364513 7 -1
114365153 3 -1
114367362 3 1
114376525 3 0
114451137 6 1
114456562 3 -1
114462676 6 -1
114476433 4 -1
114477436 5 -1
114531326 1 0
114541466 4 -1
114565522 2 -1
114612256 2 -1
114615713 2 -1
114616646 1 1
114632772 4 -1
114646225 3 -1
114656637 4 1
114673242 2 1
114734146 1 -1
114741432 4 -1
115147631 3 1
115167545 5 -1
115216417 4 1
115221543 1 1
115227375 6 -1
115227663 4 -1
115231244 1 1
115232515 5 -1
115247531 3 -1
115271233 1 -1
115312762 2 1
115327313 1 -1
115337463 6 -1
115344751 6 1
115352356 7 -1
115352445 5 -1
115354524 5 -1
115372745 5 -1
115451326 1 1
115456347 4 1
115513343 3 -1
115522252 4 0
115524527 2 1
115527432 2 0
115534747 4 1
115537576 4 -1
115547615 3 -1
115573335 5 0
115616237 6 1
115621474 3 -1
115653741 3 0
115664427 5 -1
115666434 5 -1
115671562 1 1
115673212 3 1
115677573 2 -1
115743321 4 -1
115753732 2 1
115762214 3 -1
115763544 6 -1
116125534 1 0
116132576 4 -1
116134153 3 -1
116135643 1 -1
116141234 4 1
116155532 1 0
116162474 1 -1
116163153 5 -1
116223277 4 0
116244257 4 1
116253744 4 -1
116274631 2 1
116324543 4 1
116327654 5 -1
116327661 1 1
116333456 4 1
116335423 5 -1
116355262 6 1
116372652 3 1
116414645 5 1
116445355 4 -1
116457434 5 -1
116461177 3 -1
116466252 2 1
116547245 3 -1
116547645 4 1
116612313 3 0
116614122 4 1
116617634 4 1
116622223 4 1
116627554 3 1
116642136 3 1
116653432 7 1
116714764 4 1
116731411 1 -1
116745746 4 1
116747455 2 -1
116755476 3 0
116763163 3 1
117137221 4 1
117137352 4 -1
117143532 6 1
117162527 4 1
117213464 3 -1
117214764 4 1
117235114 4 1
117241347 1 1
117244435 6 -1
117244543 6 1
117254511 5 1
117256556 2 1
117263775 4 -1
117272546 2 1
117313522 3 1
117314562 3 1
117336223 2 0
117357516 4 -1
117376443 4 1
117441152 4 0
117456152 4 1
117474266 3 1
117474656 3 1
117612464 4 -1
117614233 4 1
117616321 6 1
117621373 4 -1
117634362 3 1
117636365 5 1
117661747 7 1
117665746 5 -1
117675526 5 1
117717144 3 1
117745741 4 1
117752236 4 -1
117773653 5 1
121134677 4 1
121162374 5 0
121164777 3 1
121223474 4 -1
121224157 1 1
121232146 1 1
121237312 2 -1
121246725 5 1
121252644 1 1
121255365 3 1
121261535 5 1
121274371 1 0
121275365 2 -1
121275674 2 1
121277444 2 -1
121327436 3 1
121331324 1 -1
121347155 1 -1
121377326 2 1
121377457 5 1
121426233 4 -1
121451135 5 1
121456574 4 -1
121464535 4 1
121465477 4 1
121466523 2 1
121471773 3 1
121526255 4 1
121531547 5 1
121551712 1 1
121554426 2 1
121562717 2 1
121577444 5 1
121621742 3 -1
121623436 2 -1
121634773 3 -1
121635646 5 0
121637123 1 -1
121662345 2 1
121662427 1 0
121711236 3 1
121712422 1 -1
121722243 3 1
121741733 4 -1
121751276 2 -1
121765162 1 1
121774413 4 1
121776256 2 -1
122113644 2 1
122142767 4 0
122162366 5 1
122172242 5 1
122176324 4 1
122244775 6 1
122245567 4 0
122271645 5 1
122356264 4 0
122357657 3 1
122364415 4 -1
122365454 1 -1
122365474 3 -1
122371441 2 -1
122372771 3 1
122421712 2 -1
122436356 4 1
122453314 5 -1
122454723 3 1
122461343 4 1
122514573 4 1
122534261 4 1
122534532 3 -1
122534647 5 1
122536451 4 1
122572262 5 1
122616414 5 -1
122644136 2 -1
122675433 4 -1
122747662 4 1
122747663 5 -1
122765476 1 -1
122766171 1 1
123111755 3 1
123131574 6 -1
123141266 1 0
123145462 4 -1
123151337 1 1
123156145 3 1
123175143 3 0
123175642 1 -1
123212277 3 1
123214421 1 1
123215673 2 0
123225562 2 -1
123245342 4 1
123264542 3 1
123275775 3 1
123277345 5 1
123325277 3 1
123336362 5 -1
123345166 3 1
123364675 3 1
123421344 3 1
123423111 3 1
123445376 2 -1
123453671 4 1
123455615 4 1
123471633 4 1
123525763 3 1
123531515 1 -1
123542724 5 1
123553253 3 1
123565144 4 1
123577265 3 -1
123612623 3 1
123614437 4 1
123627247 3 1
123642134 4 1
123673443 2 1
123676663 3 1
123714761 1 1
123732151 1 -1
123734356 3 -1
123734564 2 -1
123737521 2 -1
123745224 3 -1
123745523 2 -1
123747522 6 -1
123757576 4 1
123765662 2 1
124114715 6 1
124134654 3 1
124141726 5 -1
124152136 7 0
124155121 6 1
124156335 4 1
124163571 3 1
124211237 4 -1
124225167 4 1
124225731 2 0
124245355 4 1
124253626 7 1
124261161 5 -1
124261655 2 1
124261657 2 1
124321523 3 0
124325767 3 -1
124334745 6 1
124342266 1 -1
124351363 4 -1
124353352 5 -1
124363152 3 1
124372441 4 1
124376711 3 1
124416742 4 1
124423551 4 1
124453761 3 1
124465173 3 1
124465437 4 1
124467144 3 1
124472676 5 -1
124474671 5 1
124511561 5 0
124522637 4 1
124537533 3 -1
124557345 4 0
124561653 2 1
124565264 5 1
124616514 4 1
124621333 4 -1
124631357 3 1
124631421 4 1
124642531 4 1
124652635 3 1
124653736 2 1
124654363 4 1
124666574 5 -1
124667766 4 1
124672126 1 0
124677551 4 1
124715446 4 1
124722537 3 1
124727355 3 -1
124745562 5 -1
124746341 4 1
124746643 4 1
124747617 4 -1
124754273 6 1
124757127 5 1
124762661 4 1
124763423 4 0
124765736 4 -1
124777516 3 -1
125132444 6 -1
125135546 4 1
125153254 1 1
125171646 1 1
125173731 5 1
125174631 3 1
125177376 4 -1
125216674 4 1
125234714 4 1
125272215 6 -1
125274376 2 1
125332236 3 1
125334676 3 -1
125335315 1 -1
125345742 6 1
125355513 1 -1
125367121 1 1
125372341 3 1
125377453 6 -1
125427242 2 -1
125427436 3 -1
125445437 4 -1
125456733 4 -1
125476233 4 -1
125542536 7 -1
125544345 6 1
125564155 4 1
125573413 6 -1
125637235 5 1
125644113 5 1
125646245 4 1
125655233 2 1
125666133 6 1
125667356 3 0
125732357 2 1
125741472 5 -1
125743552 4 1
125746547 5 1
125754576 5 -1
125767547 5 1
125776371 5 1
125776567 5 1
126122457 4 1
126126742 3 1
126143435 7 -1
126144156 2 1
126161742 1 1
126173312 4 1
126176254 4 1
126176765 4 1
126217254 4 1
126225137 3 1
126227555 5 1
126233264 5 1
126247763 5 0
126255444 1 -1
126273241 4 1
126273757 7 1
126313274 3 1
126326574 4 1
126344147 5 1
126351563 2 -1
126353146 2 1
126354365 3 -1
126372254 3 1
126374272 4 1
126375714 2 0
126416771 1 1
126422166 4 1
126434265 3 1
126435724 4 1
126443671 3 1
126451471 4 1
126452653 2 1
126456251 4 1
126462133 2 1
126465762 5 1
126471147 3 1
126473547 3 1
126475316 6 0
126535157 4 1
126542431 4 1
126557576 6 -1
126561754 5 1
126566713 3 1
126577323 3 1
126616767 3 1
126637725 4 1
126641245 1 -1
126645151 1 1
126647351 4 1
126654166 4 1
126657252 4 1
126675235 6 1
126712163 1 0
126716477 4 1
126722477 4 1
126724341 1 1
126724353 4 -1
126726343 3 -1
126735246 4 -1
126751345 5 1
126776615 1 -1
127114252 4 1
127126664 4 -1
127153114 6 -1
127174662 6 1
127175344 4 1
127216654 2 -1
127217761 1 -1
127262471 5 1
127316654 4 -1
127324363 4 -1
127327644 3 1
127341117 3 -1
127354256 4 1
127361562 4 -1
127363131 1 1
127414763 1 1
127426352 4 -1
127443314 3 0
127454475 5 1
127455564 4 -1
127466135 4 1
127513461 1 -1
127516635 3 -1
127534715 2 -1
127536121 1 1
127543326 3 1
127544733 4 1
127546715 4 -1
127547416 4 -1
127616547 6 1
127617361 1 1
127623436 3 0
127627152 2 -1
127634547 3 1
127646535 5 1
127653464 4 1
127655433 3 1
127664563 4 1
127673664 4 1
127713223 5 1
127716673 1 0
127723611 4 0
127736562 6 1
127747666 5 -1
127752535 5 -1
127754141 1 1
127762731 2 1
127763517 4 -1
131123546 3 1
131127275 2 1
131131462 1 -1
131141556 7 1
131174465 4 1
131222512 2 1
131235632 3 1
131237275 2 1
131243314 4 -1
131261451 2 1
131267434 3 1
131274234 3 1
131277447 3 1
131336554 6 1
131353775 5 1
131356367 5 1
131361477 4 1
131373721 1 1
131421641 4 1
131457146 1 1
131472533 5 1
131521342 4 1
131522656 5 1
131524155 1 1
131536432 4 1
131553276 5 1
131555564 3 0
131555617 1 1
131574471 1 1
131577343 1 1
131616422 1 -1
131624737 3 1
131655257 3 1
131657257 3 1
131677554 4 1
131741312 1 0
131746342 4 1
131746562 4 1
131754671 1 0
131762112 3 1
131774514 3 0
131776435 3 1
131777442 4 1
132151571 3 -1
132155757 4 1
132156362 2 1
132161662 1 1
132164651 4 0
132167741 4 1
132173744 3 1
132214566 2 1
132215636 3 1
132216543 2 -1
132216721 1 1
132233751 3 1
132247517 4 1
132316517 3 1
132327767 3 1
132332711 2 1
132347332 2 -1
132422465 3 1
132422673 3 1
132427233 2 -1
132452416 4 0
132452436 2 1
132463427 4 1
132465451 4 0
132466513 3 1
132466745 5 1
132475276 2 -1
132477416 4 -1
132512365 2 1
132513676 3 1
132527316 2 -1
132534157 5 1
132542527 2 1
132543626 4 1
132545265 1 -1
132553231 4 1
132562351 3 1
132573672 3 1
132576721 3 1
132616472 4 1
132622465 4 1
132623425 3 1
132627635 3 1
132636341 6 1
132643214 3 -1
132655673 3 -1
132656416 4 1
132656771 6 1
132722413 3 1
132741664 4 -1
132745553 2 -1
132765775 2 -1
132774374 1 0
132776471 4 0
133113335 5 -1
133123512 1 1
133137656 3 -1
133144346 4 1
133147561 4 -1
133214243 2 1
133214554 2 -1
133226443 2 -1
133231441 3 -1
133237261 2 -1
133252542 2 -1
133272313 3 -1
133276257 5 -1
133312555 3 1
133333255 6 -1
133355456 7 1
133365162 5 1
133371777 4 1
133374314 5 1
133416561 1 -1
133422547 4 1
133441375 4 0
133445475 1 1
133513116 3 1
133513532 3 1
133521356 1 -1
133542651 5 1
133545725 3 0
133546724 2 -1
133634316 3 -1
133646735 3 1
133667251 3 1
133672542 4 -1
133675427 4 -1
133721561 3 -1
133725214 3 -1
133754524 2 -1
133756436 4 -1
133757747 3 -1
133774426 2 0
134127453 4 0
134177463 4 -1
134213331 1 -1
134213726 5 0
134216547 3 1
134224166 2 -1
134245145 3 1
134264275 6 1
134266255 2 -1
134342777 3 1
134423514 3 1
134431632 4 1
134523477 3 0
134542617 5 -1
134576576 3 -1
134611264 4 0
134615162 1 0
134624155 4 1
134665432 3 -1
134667713 3 0
134671135 3 1
134676237 3 1
134726455 3 -1
134743724 4 -1
134744226 4 1
134761353 3 -1
134764112 4 1
134764512 6 1
134771525 5 -1
135116242 2 0
135116736 1 1
135123326 2 1
135125535 1 1
135157656 1 1
135175741 3 1
135211274 3 -1
135236661 6 1
135264772 4 0
135327176 1 1
135346542 5 1
135363651 4 1
135414736 3 1
135421251 2 1
135435466 4 1
135451746 4 1
135456654 3 -1
135472236 3 1
135474564 5 1
135512123 1 -1
135515472 2 1
135527663 6 1
135543416 7 -1
135552167 3 1
135563341 4 1
135573351 5 1
135576321 3 1
135611216 1 1
135614562 1 -1
135616426 3 1
135624566 5 1
135631276 1 -1
135637376 1 -1
135646435 3 1
135651257 1 1
135656255 3 1
135657127 5 -1
135667553 1 -1
135676515 5 -1
135716615 5 1
135725516 3 1
135727435 1 -1
135731215 1 -1
135735146 3 1
135737754 3 1
135741357 3 0
135741373 3 -1
135742251 3 -1
135743113 4 1
135753476 5 1
135765732 3 1
135766537 5 1
136116517 4 1
136122757 2 1
136213154 1 -1
136223121 1 1
136235657 5 1
136245475 3 -1
136251674 3 0
136262214 3 -1
136262467 5 0
136271765 4 -1
136277664 5 -1
136331742 4 1
136334467 2 1
136346771 5 -1
136351364 7 -1
136353213 2 1
136356442 7 1
136424315 4 1
136424456 3 -1
136426744 3 1
136427173 4 1
136444245 4 1
136457766 3 1
136465467 5 1
136514212 4 1
136563661 3 1
136573345 4 1
136623763 5 1
136654774 4 1
136662345 3 0
136664745 5 1
136722455 4 1
136722544 4 0
136723742 3 1
136724666 4 1
136731427 3 -1
136741765 3 1
137122726 2 1
137124536 3 1
137143366 4 1
137152263 2 0
137156534 3 1
137177457 5 0
137223666 4 1
137244166 2 0
137246734 3 1
137251334 6 -1
137254742 5 1
137266513 4 -1
137266715 4 -1
137267726 2 1
137315761 1 1
137316642 3 1
137344641 5 1
137353227 4 1
137365225 3 1
137415663 4 1
137423672 3 1
137436425 2 -1
137444265 4 1
137463525 5 1
137465767 7 1
137476271 6 1
137476714 7 0
137514373 1 1
137515275 4 1
137524716 4 1
137527342 4 1
137533366 6 1
137537116 6 1
137552353 3 -1
137557134 1 -1
137574474 1 1
137576263 6 1
137612325 2 1
137612556 5 1
137621235 3 1
137622632 4 1
137624737 7 1
137633136 1 1
137645661 4 1
137654235 3 1
137661767 7 1
137666723 6 1
137671776 6 1
137723734 2 1
137731547 4 1
137735417 5 -1
137742627 5 -1
137773544 3 1
137774264 4 1
141114455 3 1
141172637 2 1
141177565 5 1
141212266 1 -1
141216637 1 1
141221343 4 1
141236472 3 1
141255452 5 1
141352514 4 0
141367522 4 -1
141412775 1 1
141437571 1 1
141452236 2 1
141453352 4 1
141521653 4 1
141522761 1 1
141523525 2 1
141534324 3 -1
141551342 4 1
141575613 4 1
141576413 4 0
141637266 4 1
141637512 2 1
141647325 4 0
141662172 1 1
141671327 4 1
141712252 1 1
141721654 4 -1
141727467 4 1
141727747 4 1
142122573 3 1
142123477 4 -1
142135227 5 1
142144257 3 1
142162154 2 0
142217432 4 -1
142234215 4 1
142266373 3 1
142273616 4 1
142316763 6 1
142342756 4 0
142353557 2 1
142421342 2 1
142424352 2 1
142434653 5 1
142445217 3 -1
142452736 3 1
142475223 2 1
142477326 3 1
142512433 4 1
142524536 4 1
142531564 3 0
142537316 2 -1
142537423 4 1
142541265 1 1
142564621 4 1
142575454 3 1
142653362 4 -1
142653755 6 1
142674211 3 1
142716733 4 1
142724431 5 -1
142724533 4 1
142731133 2 1
142743144 2 0
142746363 6 1
142754462 4 -1
143142633 4 0
143147232 4 1
143147335 4 1
143164762 3 1
143166156 4 1
143232356 3 -1
143234267 4 1
143235745 3 1
143236117 4 0
143244761 4 1
143256672 4 -1
143274135 2 1
143311774 3 1
143332544 2 1
143343523 4 1
143357742 2 1
143374165 4 1
143413322 2 1
143425716 1 1
143431223 3 1
143435354 3 -1
143444657 5 1
143445232 3 1
143467647 6 1
143471446 3 1
143515651 1 1
143533544 3 1
143541445 5 1
143542324 2 -1
143547625 3 -1
143552246 4 1
143566276 4 1
143576236 4 1
143627323 3 0
143677415 4 1
143712666 4 1
143712677 4 1
143721267 2 1
143721317 3 1
143722567 4 1
143755426 4 0
143757542 4 1
143777225 4 1
144127266 4 1
144145642 1 -1
144145741 3 1
144157315 1 1
144163714 1 1
144213637 3 1
144214352 3 1
144233734 3 1
144234237 2 1
144245467 4 -1
144251252 5 -1
144266515 4 1
144314712 4 1
144327262 2 -1
144344653 3 -1
144346761 6 1
144367435 3 -1
144415665 3 1
144424557 3 1
144426175 4 1
144432213 4 1
144464271 1 1
144512247 4 1
144551232 3 0
144616322 3 -1
144621727 4 1
144623735 3 0
144626267 3 1
144631735 1 1
144632761 4 1
144652522 4 -1
144652771 2 -1
144663175 3 -1
144665514 1 1
144714536 3 1
144716517 4 1
144733362 3 1
144737162 7 1
144753346 4 1
144767354 3 -1
144772121 1 1
145123521 3 1
145123624 4 0
145131433 1 1
145142247 4 1
145151573 5 -1
145154745 5 1
145157351 4 1
145162152 4 1
145162512 1 1
145163273 3 0
145221521 1 1
145224161 1 1
145226352 4 0
145234114 4 1
145236625 2 1
145257736 5 0
145271356 3 1
145274225 4 1
145337265 2 -1
145367351 3 1
145376734 4 1
145447564 5 -1
145453411 4 -1
145453636 3 1
145457677 5 1
145467312 1 1
145467352 3 1
145473322 4 1
145513543 3 1
145571667 6 1
145574374 3 1
145614122 1 1
145633151 1 1
145647537 6 -1
145661742 6 1
145661747 4 1
145667514 7 -1
145672726 4 1
145674611 6 1
145674715 4 1
145716647 4 1
145731733 4 1
145766245 4 1
145767661 4 1
145777441 4 1
146125576 4 -1
146131274 1 1
146133177 4 1
146144625 4 1
146152422 4 -1
146153265 5 1
146162255 4 1
146162476 6 -1
146237644 6 0
146241276 4 -1
146261324 4 -1
146261725 2 1
146273462 3 1
146273734 3 1
146277117 3 1
146325615 6 -1
146352667 5 1
146352725 2 -1
146355676 6 -1
146371516 1 1
146372577 4 1
146375357 5 1
146377255 3 -1
146436561 4 1
146441721 1 1
146442653 3 -1
146446275 4 1
146472256 4 1
146477152 4 1
146516244 5 1
146531456 4 0
146534216 1 1
146534743 5 1
146536257 4 1
146537212 4 -1
146557615 7 -1
146564734 3 1
146632553 3 1
146634177 4 1
146635375 5 0
146645511 4 1
146647331 3 1
146713526 5 -1
146721733 3 1
146751426 4 -1
146773462 6 1
146773627 3 1
146775535 4 1
147132357 3 1
147162663 4 1
147211676 2 1
147216623 1 1
147223317 4 1
147265117 2 1
147321635 3 1
147324773 4 1
147325236 3 1
147335147 1 1
147347142 4 1
147365212 4 -1
147373664 2 1
147376462 6 1
147412725 2 1
147423655 4 1
147442557 4 1
147454552 1 1
147461623 2 1
147471654 3 1
147472113 4 1
147511672 4 1
147513351 1 1
147521562 4 1
147541124 5 -1
147547262 4 0
147556213 3 -1
147562273 4 0
147574633 4 1
147574713 7 1
147614534 4 1
147632622 4 1
147636463 1 -1
147636512 4 1
147637135 5 1
147642553 4 1
147653352 2 1
147655662 4 1
147667565 5 1
147711771 4 1
147714563 4 1
147746266 4 1
147752772 2 1
147766125 4 1
151132617 1 1
151155251 4 1
151157432 1 -1
151174637 3 1
151232433 4 1
151234634 4 1
151235242 4 1
151235536 5 1
151237315 5 0
151242673 2 1
151264674 4 1
151264752 5 1
151264773 4 1
151315617 2 1
151332463 4 -1
151336163 1 -1
151343135 1 -1
151344233 5 1
151351476 5 1
151362473 4 -1
151422433 4 1
151562715 4 1
151636362 4 1
151643715 5 1
151644237 5 1
151656234 3 -1
151665567 4 1
151675244 5 1
151726762 6 1
151742462 1 -1
151743235 3 -1
151762567 3 1
152136313 1 -1
152144657 3 1
152147545 3 -1
152163121 2 1
152164112 2 1
152212335 4 1
152214554 6 1
152215422 3 -1
152242756 3 1
152246142 3 -1
152253612 2 1
152256545 5 1
152264675 4 1
152274334 4 1
152274722 3 1
152317127 1 0
152324177 3 1
152333256 1 1
152355771 6 1
152424536 4 1
152427316 4 -1
152441672 2 -1
152453475 4 -1
152456245 1 1
152463767 4 1
152474317 1 1
152563236 3 1
152565646 6 1
152624221 1 1
152643323 2 -1
152652117 4 1
152673173 5 1
152675332 4 1
152713214 3 -1
152717714 3 -1
152731243 4 1
152731671 4 0
152762157 5 1
152763547 5 -1
152771723 4 1
153114613 3 -1
153122231 4 0
153127647 4 1
153127717 4 1
153131654 2 -1
153132246 3 -1
153132372 3 -1
153135742 3 1
153152415 1 -1
153154226 4 1
153172164 3 1
153224256 4 1
153231465 4 -1
153242457 2 1
153254613 4 -1
153261652 5 1
153262134 2 1
153275564 6 1
153276336 3 1
153276531 3 1
153317677 3 1
153326121 1 -1
153333736 2 1
153347723 2 1
153356132 4 1
153365746 5 1
153373226 4 1
153412765 2 -1
153415671 1 0
153434746 5 1
153452536 2 -1
153456716 4 -1
153461641 3 1
153463156 5 1
153476121 1 -1
153476526 4 -1
153513117 2 1
153514154 1 1
153556276 1 -1
153576734 2 1
153612625 2 0
153617672 1 -1
153631523 3 -1
153644457 2 1
153646137 2 1
153674466 3 -1
153725572 4 -1
154114327 3 1
154115617 5 1
154143277 4 -1
154146162 3 -1
154146335 2 -1
154146777 2 -1
154154616 1 1
154165324 4 0
154173455 4 0
154176137 3 1
154215773 2 1
154225346 5 1
154227135 4 -1
154245137 4 1
154257263 3 -1
154257446 4 1
154263145 4 1
154275454 4 0
154276637 4 -1
154314656 5 1
154331324 5 -1
154331756 3 -1
154334363 3 -1
154344273 2 1
154352122 2 -1
154352437 3 1
154357626 4 -1
154373113 4 1
154376645 4 1
154377573 3 -1
154413551 1 -1
154427465 3 -1
154446365 2 -1
154456247 3 1
154463436 2 -1
154464574 2 1
154465173 2 1
154521277 3 -1
154533445 2 0
154566152 3 1
154566776 5 1
154572725 2 1
154612224 7 -1
154621746 3 0
154622736 4 1
154624674 3 -1
154632523 2 -1
154641331 2 -1
154643637 3 -1
154647346 2 -1
154651121 4 -1
154654721 4 1
154715261 1 -1
154736456 2 -1
154752116 5 1
154752652 4 1
154753712 3 -1
154771642 3 1
155124741 3 1
155133225 4 0
155136163 4 0
155143254 3 -1
155146776 5 -1
155161572 1 -1
155216675 5 -1
155226462 5 1
155227351 1 1
155241371 2 -1
155257437 2 -1
155257746 4 1
155266736 5 1
155276446 4 1
155321777 3 0
155327117 5 1
155331761 5 -1
155342713 4 -1
155351234 3 1
155357766 5 -1
155374276 3 -1
155377756 4 1
155416146 1 1
155422656 2 1
155423717 3 1
155436626 4 1
155437244 4 1
155437747 4 1
155454243 6 1
155465447 5 1
155475633 4 1
155512633 3 1
155515716 1 1
155536265 4 1
155536757 5 1
155556314 2 -1
155556423 2 0
155577612 4 1
155612357 3 1
155614122 1 1
155643332 4 -1
155672636 5 0
155677121 1 -1
155724334 4 1
155763546 4 -1
155764454 4 1
156115527 2 1
156124357 4 1
156132123 2 0
156133742 4 1
156137362 4 -1
156143123 3 -1
156144367 2 1
156145166 5 1
156161673 6 -1
156165352 4 1
156173651 4 1
156222137 3 1
156251161 2 1
156265334 2 1
156266224 2 1
156315342 2 -1
156341233 4 1
156345345 3 -1
156345453 3 1
156353446 3 1
156356371 5 1
156367721 2 1
156372444 4 1
156372726 2 1
156431716 1 1
156442751 5 1
156453751 4 1
156541316 2 -1
156544763 2 1
156564352 2 1
156613217 3 1
156617533 5 1
156621614 3 -1
156632313 3 -1
156633744 4 1
156634174 4 0
156644451 5 1
156655163 6 1
156675213 4 1
156713473 6 1
156727643 3 -1
156731345 5 -1
156735356 2 1
156753756 3 1
156764752 5 1
156766341 5 1
156766717 1 1
156771257 4 0
157121756 5 1
157122442 3 1
157122526 2 1
157126133 2 -1
157126653 4 -1
157141235 1 1
157147636 1 -1
157165725 2 1
157177747 3 1
157213526 2 1
157231422 4 1
157232436 4 1
157236271 2 1
157236623 3 1
157242516 2 1
157245566 4 -1
157245762 4 0
157247164 1 -1
157247531 3 -1
157256242 4 0
157271523 2 1
157316372 5 1
157322712 6 1
157334277 4 1
157346117 3 1
157366364 4 1
157424712 4 1
157433123 1 1
157443661 3 1
157453216 3 -1
157471655 4 1
157532517 3 1
157534622 4 1
157536177 3 1
157542444 2 1
157561437 3 1
157573373 4 1
157617643 3 0
157637115 5 -1
157651212 1 -1
157712261 1 -1
157713176 1 -1
157714754 3 1
157717425 7 0
157724113 4 1
157754525 5 -1
157754561 4 -1
157761362 4 0
157766477 4 1
157773146 4 1
161136453 2 -1
161165224 3 -1
161166415 1 1
161217223 1 1
161231174 3 1
161244623 4 1
161255664 6 1
161273644 3 -1
161323326 2 1
161346525 5 1
161357176 1 -1
161367275 3 0
161371312 1 0
161373525 3 1
161373615 1 1
161376562 3 1
161415524 1 1
161454244 5 1
161467136 1 -1
161523726 3 1
161537622 3 -1
161575611 4 1
161622544 4 1
161632154 1 0
161635625 5 0
161646731 1 1
161665273 1 -1
161675246 4 1
161755546 6 1
162121426 3 -1
162123571 2 1
162135745 3 -1
162146734 4 1
162154523 4 1
162155433 6 1
162157144 4 1
162177127 3 1
162243327 2 1
162251223 4 0
162254537 5 1
162262675 2 -1
162267543 4 1
162313672 3 1
162323462 2 -1
162346423 4 1
162352575 5 -1
162353422 4 1
162371326 3 1
162373652 3 1
162417347 4 1
162421761 5 1
162424477 6 1
162426755 6 1
162431356 4 1
162432736 4 1
162433723 4 1
162454357 3 1
162466737 3 1
162475724 5 1
162476564 4 1
162513517 3 1
162515372 1 -1
162535356 4 1
162553417 3 -1
162555437 4 1
162572673 4 -1
162576764 3 1
162621635 5 1
162641155 3 -1
162646126 3 -1
162652172 6 1
162662341 4 1
162664577 4 1
162737356 1 -1
162743367 3 0
162743647 4 1
162745267 3 -1
162747672 3 -1
162771342 2 1
163123552 4 -1
163142312 1 1
163145574 2 -1
163153267 4 1
163176273 4 -1
163225561 2 1
163234157 4 -1
163236321 3 -1
163245374 2 -1
163266414 6 -1
163276642 4 1
163277755 5 0
163325523 4 1
163341525 4 1
163414423 3 -1
163425233 2 1
163427667 2 1
163433471 4 1
163445225 3 1
163456622 3 1
163457525 5 -1
163474214 3 1
163537771 2 0
163557225 1 -1
163567354 2 -1
163624232 2 0
163632746 4 1
163653573 5 1
163663455 2 -1
163666255 4 0
163672125 2 1
163677174 2 -1
163714431 1 1
163733375 5 -1
163746327 3 0
163753445 2 -1
163763466 2 -1
163764144 3 1
163777557 3 1
164112126 2 1
164151664 1 -1
164157445 6 -1
164163337 3 1
164166126 4 -1
164223474 4 -1
164225217 4 -1
164231355 4 -1
164235262 4 1
164236365 5 1
164241166 4 -1
164253226 6 0
164273645 2 1
164275611 4 -1
164316571 1 1
164322265 4 1
164325762 5 1
164346411 4 -1
164363565 3 1
164367663 1 -1
164367675 3 -1
164371347 4 1
164373617 4 1
164413615 4 1
164425733 4 1
164433551 2 1
164436413 2 -1
164452215 5 1
164452624 1 1
164452677 2 1
164456224 3 1
164462335 2 1
164463214 3 0
164464117 4 1
164527641 3 -1
164563717 4 -1
164572635 4 -1
164637146 2 1
164645257 3 -1
164646252 3 -1
164654711 4 1
164663153 4 1
164677221 3 1
164713737 3 1
164714116 4 1
164716767 3 1
164727627 3 -1
164741275 3 -1
164746271 3 -1
164763315 3 -1
164766153 2 -1
164774472 3 -1
164776456 2 -1
165135317 1 0
165144467 2 1
165155373 4 -1
165157466 5 0
165157724 5 1
165175467 2 1
165217243 4 0
165236146 3 1
165261122 1 1
165265765 2 1
165273235 3 1
165276472 4 1
165321443 4 1
165332635 5 -1
165351553 1 -1
165357567 5 -1
165372224 4 1
165411254 5 1
165416773 4 1
165424731 3 1
165436572 5 1
165443314 3 -1
165447234 2 -1
165451764 5 1
165462732 4 -1
165465347 4 1
165531467 2 1
165537376 3 -1
165541736 5 1
165545765 3 1
165554725 4 -1
165614637 4 1
165617211 4 1
165621723 4 1
165624326 2 1
165653734 3 1
165664415 5 0
165672731 3 1
165713434 4 1
165714614 4 1
165734757 7 1
165735226 4 0
165736374 2 -1
165762325 5 0
165771474 3 -1
165772332 6 1
166113324 1 -1
166124473 4 1
166133654 2 -1
166134552 5 1
166152717 1 1
166153622 1 -1
166154315 1 1
166163745 3 -1
166164176 6 1
166174267 4 1
166214142 1 1
166226754 2 -1
166236151 1 0
166247166 4 -1
166254367 4 1
166261715 1 1
166262476 6 -1
166263261 2 -1
166276542 2 -1
166322374 2 0
166327425 4 1
166327757 2 1
166337267 6 1
166342453 5 -1
166342674 4 -1
166353673 3 -1
166367253 1 -1
166371373 1 -1
166422637 3 1
166423171 1 1
166447747 7 1
166463776 6 -1
166464143 5 1
166547476 2 -1
166552651 4 1
166564227 4 1
166617523 2 1
166655351 5 1
166724611 4 1
166743412 4 -1
166752525 5 -1
166754272 1 -1
167116427 2 1
167121673 4 -1
167125522 3 1
167135722 5 0
167141364 2 -1
167146552 3 1
167147743 2 1
167161425 1 1
167236743 2 -1
167251154 4 1
167253245 4 -1
167254574 4 0
167264127 2 1
167271324 4 1
167271746 7 -1
167315773 3 1
167324471 4 1
167331742 4 1
167351727 7 0
167364226 3 1
167371753 7 -1
167374523 2 -1
167377146 4 1
167417544 5 1
167425577 4 1
167431373 3 -1
167432734 4 1
167446754 6 1
167453752 4 1
167456113 4 1
167461473 3 -1
167472613 4 0
167521163 4 1
167526744 6 1
167554326 4 -1
167633132 4 1
167643543 4 1
167645456 4 -1
167656527 1 1
167663237 3 1
167667112 3 1
167725431 4 0
167726755 4 1
167751736 6 1
171124475 1 0
171144526 3 1
171156577 5 -1
171214466 1 1
171233452 3 1
171242446 4 1
171242623 5 1
171254541 1 -1
171257726 5 1
171322476 4 1
171344136 1 1
171361554 4 1
171372466 4 -1
171411575 5 1
171415312 3 1
171423243 4 1
171434244 5 1
171466515 5 1
171525133 1 -1
171531416 2 -1
171542774 4 -1
171564421 1 0
171612737 1 -1
171624334 3 1
171631422 3 -1
171677442 3 0
171714646 1 -1
171726451 1 -1
171761262 3 1
171764647 4 1
171766346 4 1
172116133 4 -1
172122644 2 -1
172127474 3 -1
172147652 3 -1
172155462 3 -1
172155531 3 1
172157662 5 1
172167361 4 0
172217241 1 -1
172231625 4 1
172252747 2 1
172257546 5 1
172315256 3 1
172316767 6 1
172325333 5 1
172333322 1 -1
172347266 6 -1
172357566 3 -1
172366655 5 1
172374731 3 1
172411361 4 1
172412114 2 1
172427153 7 1
172446517 4 -1
172453167 3 1
172514427 5 1
172526117 3 -1
172532722 4 1
172554414 2 -1
172555535 3 1
172556153 1 -1
172563164 4 1
172567543 2 -1
172567747 4 1
172633655 1 -1
172652414 3 -1
172656735 5 1
172661175 4 -1
172734554 4 1
172736537 4 1
172753523 2 -1
172753754 3 1
172776243 6 1
172776514 3 -1
173152347 3 0
173155152 4 1
173164577 3 1
173176777 4 1
173212347 3 1
173227563 6 0
173237512 3 -1
173242237 4 1
173243541 6 1
173245327 3 1
173251636 4 0
173271452 5 0
173275264 5 -1
173275451 5 1
173276564 3 1
173276734 4 1
173311376 4 -1
173315666 3 1
173316466 2 -1
173337512 4 -1
173346443 2 1
173362272 3 -1
173366131 1 -1
173367117 4 1
173367352 4 -1
173373527 3 1
173374233 4 1
173377165 5 1
173377173 4 0
173443423 4 -1
173452221 3 1
173463431 4 1
173463674 7 1
173464131 1 1
173467545 4 1
173524137 4 1
173536365 3 -1
173537244 7 1
173547567 2 -1
173552431 3 -1
173564653 3 -1
173636752 1 -1
173651512 4 -1
173654421 4 0
173671351 2 -1
173714266 7 1
173714514 3 0
173725115 4 -1
173737667 4 0
173743515 1 -1
173744655 2 -1
173745536 2 -1
173755454 1 -1
173757544 4 1
174125422 3 -1
174162761 4 0
174213523 2 1
174214523 6 1
174223675 4 1
174242146 4 1
174255264 5 -1
174271617 1 0
174276571 4 1
174311265 3 1
174314462 4 0
174326727 2 1
174333314 4 0
174335122 4 -1
174335762 4 -1
174342522 4 -1
174343356 4 0
174353263 4 1
174364223 2 1
174365346 4 1
174415337 2 1
174417353 2 -1
174423251 4 1
174434766 2 1
174451516 3 -1
174456247 3 1
174523563 4 -1
174524526 3 1
174527137 2 -1
174531466 2 -1
174532231 3 1
174532371 4 -1
174535437 2 -1
174562645 4 1
174575653 2 1
174576135 4 -1
174576255 3 -1
174612555 2 1
174621677 3 -1
174624232 2 -1
174631461 2 -1
174642436 4 -1
174651426 4 -1
174651635 4 -1
174653412 4 -1
174662432 1 -1
174723771 2 -1
174761721 4 1
175133424 6 -1
175135273 4 -1
175142463 4 1
175144414 1 -1
175211325 5 1
175212114 4 1
175214576 5 1
175223255 2 -1
175247665 3 -1
175267373 4 0
175272163 2 1
175272766 2 1
175274465 6 -1
175313373 5 1
175314467 4 1
175316422 2 -1
175321524 2 1
175346371 6 1
175412533 2 -1
175414666 5 1
175434326 4 1
175445313 4 1
175453636 3 -1
175462753 3 1
175467246 4 1
175472514 5 0
175474131 1 -1
175537622 4 -1
175544736 3 1
175553655 3 1
175564571 4 1
175575143 5 1
175616125 1 -1
175631754 2 1
175635744 4 1
175661177 4 0
175662112 1 -1
175664551 1 1
175711126 4 0
175713247 4 1
175716334 2 0
175721174 3 1
175726241 4 0
175726732 5 1
175741611 3 -1
175756744 4 0
176126757 6 -1
176143371 1 -1
176174535 5 1
176226331 3 1
176226336 3 1
176247244 4 0
176251345 5 1
176255446 3 1
176262751 5 1
176311536 3 1
176315236 3 1
176316326 3 1
176324371 4 1
176341276 4 1
176344525 4 1
176352345 4 -1
176357152 2 1
176357762 5 1
176374543 4 1
176374672 4 1
176377422 4 -1
176426237 2 1
176433776 3 1
176434576 4 1
176435354 4 0
176435727 3 1
176441745 4 1
176463137 3 1
176464273 4 1
176521675 4 -1
176522432 4 1
176525147 5 1
176534423 2 -1
176575374 2 1
176612356 5 1
176614771 1 1
176624372 4 1
176626542 4 1
176627651 3 0
176644275 3 1
176645315 2 -1
176645722 4 1
176653231 3 1
176656121 1 1
176663425 2 1
176716637 1 1
176726245 4 1
176734512 4 1
176755333 4 0
177121624 3 0
177124513 1 1
177134572 4 1
177137671 4 1
177153312 3 -1
177173464 4 1
177176445 4 1
177214564 4 0
177227157 4 1
177245552 4 1
177247255 4 -1
177247467 4 -1
177266744 4 1
177322412 4 1
177323561 3 1
177327324 3 1
177334346 2 0
177345212 5 -1
177355464 4 1
177436471 6 1
177445517 2 1
177447325 3 0
177453233 2 0
177454641 3 1
177461342 3 1
177463244 3 1
177466362 3 1
177515253 4 1
177523415 3 -1
177534472 4 1
177543377 1 -1
177543473 4 0
177546546 4 1
177562225 2 1
177565623 3 1
177611453 2 -1
177623724 2 1
177626273 4 1
177632437 4 1
177634536 4 1
177636754 2 -1
177661447 4 1
177662425 2 1
177675561 6 1
177711232 1 1
177725165 3 -1
177751215 1 0
177762747 4 1
211112752 5 1
211132627 2 1
211173523 3 1
211235267 5 1
211245155 4 1
211246613 5 0
211256541 5 0
211315744 4 1
211336352 2 -1
211353223 3 1
211353265 3 1
211353632 2 1
211365437 3 1
211373547 3 1
211432357 3 1
211434435 3 1
211463513 3 -1
211524711 4 1
211525466 2 -1
211525755 2 1
211537342 4 1
211555544 6 1
211565474 5 1
211565624 5 1
211635354 3 0
211637476 5 -1
211642657 4 1
211644127 2 1
211646734 4 1
211647367 5 0
211665374 3 -1
211666155 4 1
211672374 5 -1
211716472 5 -1
211717535 3 -1
211721226 1 1
211731416 5 -1
211736335 4 1
211751714 3 -1
211752447 3 1
212113447 3 0
212133547 2 1
212137267 2 -1
212217474 5 -1
212235475 4 0
212236367 6 -1
212253616 1 -1
212316367 2 1
212321167 2 -1
212335346 4 -1
212341463 4 0
212351765 1 -1
212364455 3 -1
212373127 2 1
212431765 1 0
212432615 5 1
212437137 3 1
212447766 4 1
212451747 1 1
212465265 2 -1
212516745 4 1
212534342 2 -1
212546724 4 -1
212556774 5 0
212634337 4 1
212647367 5 -1
212652775 5 -1
212657442 1 -1
212662476 3 -1
212666735 2 1
212674711 2 1
212733363 4 -1
212747476 3 -1
212765312 2 -1
212765535 3 -1
212772474 3 -1
213112565 4 -1
213151373 2 -1
213217462 5 -1
213224757 4 1
213262372 3 1
213341756 4 1
213354554 3 1
213376774 5 -1
213411657 3 1
213413313 4 -1
213427653 1 -1
213436314 3 -1
213441157 4 0
213441773 1 1
213453741 4 1
213455467 4 1
213463572 2 1
213465155 4 -1
213474675 4 1
213524163 4 1
213537276 5 -1
213541572 1 -1
213544122 5 1
213544165 4 1
213612223 3 0
213614327 3 1
213615754 4 1
213624656 4 1
213666266 2 1
213677461 5 0
213723463 5 -1
213726723 5 -1
213741427 5 -1
213754651 4 1
213762373 3 -1
213766211 2 -1
213767331 2 1
214122354 1 1
214124663 5 1
214161766 5 1
214174474 1 -1
214215355 4 1
214274723 5 1
214311155 2 -1
214322656 6 0
214326475 3 -1
214332611 2 -1
214333543 2 1
214345311 5 -1
214346532 4 1
214346635 3 1
214364244 2 1
214373631 5 1
214374524 6 -1
214375165 4 -1
214375776 4 1
214431656 2 1
214435565 4 -1
214444437 2 1
214452416 1 -1
214453316 7 -1
214467744 2 1
214514233 4 1
214521376 1 -1
214531274 4 -1
214536635 3 1
214537145 4 1
214554643 2 1
214567575 5 -1
214626134 3 -1
214645375 3 -1
214647332 5 -1
214654735 5 1
214671266 3 -1
214674615 3 1
214716717 4 -1
214722161 4 1
214735655 4 1
214741336 5 -1
214753116 3 1
214753764 4 0
214765522 4 1
214766156 4 1
215133256 4 1
215172175 4 1
215177341 4 1
215226317 4 -1
215235363 1 -1
215276311 4 0
215315744 4 0
215343271 2 1
215357145 5 -1
215367333 5 0
215373314 6 -1
215442712 1 -1
215451645 5 1
215457153 1 1
215465451 1 1
215474133 4 1
215475613 4 1
215513637 4 1
215534261 4 1
215561446 1 -1
215612613 4 0
215617665 3 -1
215663375 6 -1
215672336 4 -1
215675214 3 -1
215675551 2 1
215722773 4 -1
215723771 2 -1
215734445 4 1
215735726 4 1
215757614 3 -1
215763253 2 0
215773334 2 1
215776776 5 -1
216125732 2 -1
216146724 5 -1
216147631 3 0
216156741 4 1
216166464 5 -1
216212333 2 1
216213414 6 -1
216232147 2 1
216242535 7 -1
216244317 5 1
216271267 5 1
216322573 5 0
216327355 2 -1
216345546 4 1
216347765 3 1
216352433 7 0
216366457 4 1
216367524 4 1
216431732 2 1
216435124 4 0
216443771 4 -1
216445763 4 0
216453537 5 1
216457425 4 -1
216465257 5 1
216473554 4 0
216511113 3 1
216513716 3 0
216541367 4 1
216542175 5 1
216544514 1 0
216551214 5 1
216551463 1 1
216573631 3 1
216577334 4 1
216621774 5 0
216622536 3 1
216625546 5 0
216645652 5 1
216652225 4 -1
216654657 4 1
216654677 4 1
216677161 4 1
216721723 4 1
216723476 6 -1
216735412 1 -1
216743161 4 1
216745344 4 1
216751163 4 0
216765375 3 -1
217116342 6 0
217124625 2 1
217131747 7 1
217134741 3 1
217143561 4 1
217147711 5 -1
217164154 4 -1
217175312 3 1
217223563 3 0
217245427 2 1
217266235 4 0
217272254 4 1
217277454 4 0
217341744 3 -1
217375634 3 1
217426173 4 1
217433447 4 1
217441757 7 -1
217453444 4 0
217462437 4 -1
217466152 4 1
217476625 4 1
217513523 3 1
217516412 4 0
217541415 4 1
217545655 4 1
217546465 4 0
217551333 1 1
217617433 4 1
217626317 1 0
217631567 4 1
217642453 4 1
217642457 4 -1
217643561 4 1
217652442 3 1
217655764 3 0
217671753 7 -1
217712643 4 1
217732114 5 0
217732656 2 1
217734431 3 1
217734561 3 1
217734731 3 1
217736754 5 1
217763562 4 -1
217763714 5 -1
217772522 3 -1
221112476 3 1
221112517 2 1
221117357 4 1
221121274 3 -1
221134773 3 1
221151767 2 1
221153547 2 1
221156746 4 1
221164755 4 1
221173251 2 1
221215654 3 1
221227477 3 -1
221261737 2 1
221263272 3 1
221264117 2 1
221277521 4 1
221336276 3 -1
221343473 4 -1
221346262 4 1
221347625 2 1
221353114 3 1
221362137 2 1
221416563 4 1
221433574 2 1
221434176 2 1
221435253 3 1
221451731 4 1
221456211 4 1
221514312 4 1
221535341 3 1
221543563 3 -1
221543727 2 1
221552137 2 1
221556311 4 1
221566471 3 1
221631546 4 1
221644174 3 -1
221646731 1 1
221647755 3 -1
221662344 2 1
221731326 4 1
221741537 4 1
221765472 3 -1
222111313 1 0
222125541 6 1
222144323 5 -1
222147316 5 -1
222163562 3 0
222235611 3 1
222246757 4 1
222261437 5 -1
222313714 3 1
222324126 4 1
222337765 3 0
222347537 4 1
222364631 3 1
222372764 4 1
222415776 4 1
222417456 4 -1
222417653 4 1
222431536 4 1
222445153 4 1
222525473 1 -1
222537537 4 1
222576564 2 0
222635163 4 0
222653533 5 -1
222674214 4 -1
222711337 4 1
222743176 4 1
222771651 5 1
223136713 3 -1
223165135 5 1
223167657 2 1
223176765 4 1
223215142 3 1
223265526 3 1
223273774 1 -1
223275713 2 1
223325713 1 1
223337262 4 1
223421361 3 1
223423576 4 1
223441316 1 1
223442431 2 -1
223442731 2 1
223446753 4 1
223451715 1 1
223451756 4 1
223461377 3 1
223474676 2 1
223536356 3 -1
223546275 1 -1
223547223 1 -1
223571431 3 1
223576353 3 -1
223577373 3 -1
223624264 5 0
223624277 3 1
223626243 3 1
223637157 1 -1
223652751 4 1
223654537 5 1
223662337 2 1
223767252 5 0
223776543 3 1
224163614 7 -1
224223436 3 1
224223553 3 1
224256571 3 -1
224271226 5 1
224313523 4 1
224315354 4 1
224342366 2 -1
224362565 7 -1
224363472 3 1
224411452 3 -1
224413534 2 1
224417165 3 1
224431167 5 1
224461665 1 -1
224475637 3 1
224516571 3 -1
224517547 3 -1
224521131 3 -1
224541721 2 1
224617135 2 1
224631656 4 1
224643515 6 -1
224646435 4 -1
224651616 3 -1
224653171 2 1
224715275 3 -1
224717455 3 -1
224721214 3 -1
224721314 5 -1
224727116 3 -1
224731322 5 -1
224731677 5 -1
224756627 3 -1
224775445 4 1
225122644 4 0
225124617 4 1
225124754 4 1
225156335 1 -1
225174163 1 1
225174544 2 1
225176363 4 -1
225274167 2 1
225314754 4 1
225327445 5 1
225345531 3 1
225372571 2 1
225374367 6 -1
225376715 2 0
225414577 4 1
225417742 1 1
225421544 1 1
225422745 4 1
225451551 2 1
225452176 2 1
225457665 5 -1
225467325 2 1
225561116 3 0
225574262 4 1
225643566 5 0
225665573 4 -1
225674114 4 1
225711361 4 0
225712126 5 1
225726724 3 -1
225743137 4 1
225752344 2 1
225752477 3 -1
225763621 2 1
225775476 3 1
226153736 4 1
226164775 4 1
226243145 7 1
226253147 3 1
226264521 3 1
226266251 4 1
226272767 7 1
226312267 3 1
226341465 7 0
226353175 2 1
226357247 4 1
226362746 6 -1
226374361 1 1
226411723 4 1
226413463 3 1
226416253 4 1
226447156 4 -1
226455134 4 1
226475765 2 1
226475767 7 1
226476331 4 1
226511476 3 -1
226524112 4 1
226524153 4 1
226547462 1 -1
226555644 2 1
226567373 5 -1
226567454 4 1
226573516 2 1
226575515 6 1
226627133 3 1
226634555 4 1
226634727 2 1
226643544 7 1
226712713 4 1
226725565 2 0
226734353 3 -1
226742743 1 -1
226744146 3 1
226751634 4 1
226752265 5 1
226775466 6 1
227122364 5 1
227135455 4 1
227143276 5 -1
227154165 5 0
227173526 4 1
227225536 5 1
227237257 5 1
227244657 2 1
227254626 1 1
227263653 2 1
227266267 4 1
227272175 3 1
227275233 3 0
227321445 6 1
227322413 3 0
227324447 4 1
227327421 4 1
227361233 5 1
227373326 2 1
227377554 6 1
227412561 2 1
227413127 5 1
227415721 1 1
227434572 4 1
227444352 4 1
227456436 5 -1
227457531 5 1
227463676 6 -1
227476357 7 1
227517321 4 1
227521532 5 -1
227545231 4 1
227614633 4 1
227635331 4 -1
227644221 3 1
227664674 5 -1
227715361 4 -1
227751246 4 1
227763541 4 1
231136675 1 -1
231136767 6 1
231137362 2 -1
231152662 3 1
231164715 4 1
231165747 4 1
231176425 4 1
231234541 4 1
231235132 2 1
231243553 2 1
231254574 4 0
231256761 6 1
231261374 1 0
231312177 1 1
231315253 5 1
231316275 3 1
231324535 4 1
231325531 4 1
231355662 3 1
231356517 2 1
231361247 3 1
231362526 3 1
231365335 5 1
231367115 3 1
231375431 2 1
231375465 3 1
231432663 2 0
231436376 2 -1
231466575 5 1
231537343 3 -1
231554247 4 1
231555251 2 1
231561632 3 1
231565273 3 1
231574651 4 1
231575263 5 1
231577177 4 1
231617455 4 -1
231632345 6 -1
231642653 2 -1
231643127 3 1
231653452 3 1
231671176 3 1
231715665 5 1
231726152 2 -1
231743643 3 1
231756342 4 -1
231756614 4 0
232135466 4 -1
232137675 5 -1
232141631 3 0
232141763 3 0
232152254 3 0
232154246 2 -1
232166364 4 -1
232212131 1 1
232216145 3 1
232245611 4 1
232254417 3 -1
232255474 3 -1
232262155 1 1
232267261 3 1
232275414 3 -1
232321147 2 -1
232331567 1 -1
232343561 4 1
232344177 4 1
232373656 2 1
232374176 3 1
232412117 3 1
232415727 3 1
232426427 4 1
232433614 1 1
232447575 3 -1
232454477 2 -1
232463713 2 -1
232466623 3 1
232514516 4 -1
232545351 4 1
232626714 2 0
232633426 2 1
232647337 3 1
232656477 3 1
232662115 1 1
232674143 4 1
232716526 6 1
